Date,SPY,IWM,XLU,VIX,TLT,HYG
2020-01-02,324.87,165.78,31.905,12.470000267028809,137.015,88.31
2020-01-03,322.41,165.13,31.97,14.020000457763672,139.08,88.22
2020-01-06,323.64,165.35,32.0,13.850000381469727,138.35,88.13
2020-01-07,322.73,164.8,31.955,13.789999961853027,137.64,88.05
2020-01-08,324.45,165.31,31.94,13.449999809265137,136.77,88.13
2020-01-09,326.65,165.51,32.115,12.539999961853027,137.245,88.36
2020-01-10,325.71,164.89,32.2,12.5600004196167,138.43,88.39
2020-01-13,327.95,165.96,32.395,12.319999694824219,137.99,88.39
2020-01-14,327.45,166.57,32.49,12.390000343322754,138.73,88.38
2020-01-15,328.19,167.37,32.945,12.420000076293945,139.63,88.4
2020-01-16,330.92,169.53,33.15,12.319999694824219,139.2,88.43
2020-01-17,331.95,169.07,33.38,12.100000381469727,138.07,88.36
2020-01-21,331.3,167.67,33.685,12.850000381469727,139.44,88.17
2020-01-22,331.34,167.56,33.79,12.90999984741211,139.96,88.33
2020-01-23,331.72,167.45,34.09,12.979999542236328,140.92,88.06
2020-01-24,328.77,165.39,34.18,14.5600004196167,142.09,87.69
2020-01-27,323.5,163.51,34.095,18.229999542236328,144.27,87.1
2020-01-28,326.89,164.87,34.235,16.280000686645508,143.14,87.85
2020-01-29,326.62,163.93,34.325,16.389999389648438,144.55,87.8
2020-01-30,327.68,163.93,34.645,15.489999771118164,144.57,87.89
2020-01-31,321.73,160.53,34.49,18.84000015258789,145.84,87.53
2020-02-03,324.12,162.32,34.6,17.969999313354492,145.55,87.15
2020-02-04,329.06,164.77,34.255,16.049999237060547,143.55,87.67
2020-02-05,332.86,167.31,34.395,15.149999618530273,142.02,88.03
2020-02-06,333.98,166.93,34.405,14.960000038146973,142.72,88.1
2020-02-07,332.2,164.88,34.295,15.470000267028809,144.39,87.97
2020-02-10,334.68,165.81,34.425,15.039999961853027,144.82,88.09
2020-02-11,335.26,166.96,34.55,15.180000305175781,144.1,88.15
2020-02-12,337.42,168.11,34.575,13.739999771118164,143.41,88.38
2020-02-13,337.06,168.55,34.96,14.149999618530273,143.9,88.41
2020-02-14,337.6,167.9,35.195,13.680000305175781,144.54,88.4
2020-02-18,336.73,167.54,35.49,14.829999923706055,145.47,88.22
2020-02-19,338.34,168.4,35.105,14.380000114440918,145.51,88.26
2020-02-20,336.95,168.81,35.23,15.5600004196167,146.65,88.41
2020-02-21,333.48,167.1,35.165,17.079999923706055,147.99,88.33
2020-02-24,322.42,162.07,34.755,25.030000686645508,150.27,87.38
2020-02-25,312.65,156.31,34.025,27.850000381469727,151.15,86.77
2020-02-26,311.5,154.5,33.68,27.559999465942383,150.33,86.86
2020-02-27,297.51,149.06,32.165,39.15999984741211,151.89,85.69
2020-02-28,296.26,146.33,31.09,40.11000061035156,155.4,86.04
2020-03-02,309.09,151.03,32.92,33.41999816894531,153.91,86.31
2020-03-03,300.24,147.95,32.515,36.81999969482422,156.36,85.94
2020-03-04,312.86,152.16,34.36,31.989999771118164,154.62,87.12
2020-03-05,302.46,147.32,33.83,39.619998931884766,158.48,86.02
2020-03-06,297.46,144.4,33.555,41.939998626708984,166.75,85.05
2020-03-09,274.23,130.36,31.73,54.459999084472656,170.67,81.39
2020-03-10,288.42,134.43,32.025,47.29999923706055,162.55,82.64
2020-03-11,274.36,125.88,30.415,53.900001525878906,156.78,80.84
2020-03-12,248.11,111.97,27.345,75.47000122070312,157.94,77.61
2020-03-13,269.32,119.47,28.835,57.83000183105469,153.94,80.05
2020-03-16,239.85,103.62,25.56,82.69000244140625,163.69,75.65
2020-03-17,252.8,108.37,28.83,75.91000366210938,153.36,76.36
2020-03-18,240.0,99.97,27.575,76.44999694824219,144.67,72.99
2020-03-19,240.51,103.87,25.97,72.0,148.25,71.35
2020-03-20,228.8,101.4,23.91,66.04000091552734,158.92,69.75
2020-03-23,222.95,99.9,22.465,61.59000015258789,166.31,68.63
2020-03-24,243.15,109.04,24.88,61.66999816894531,163.195,71.46
2020-03-25,246.79,109.97,25.515,63.95000076293945,162.6,73.47
2020-03-26,261.2,116.81,27.69,61.0,163.32,76.83
2020-03-27,253.42,112.56,27.84,65.54000091552734,167.81,77.03
2020-03-30,261.65,115.04,28.87,57.08000183105469,166.25,77.69
2020-03-31,257.75,114.46,27.705,53.540000915527344,165.0,77.07
2020-04-01,246.15,106.66,26.04,57.060001373291016,167.08,74.58
2020-04-02,251.83,107.67,26.855,50.90999984741211,167.96,75.16
2020-04-03,248.19,104.62,25.895,46.79999923706055,168.525,73.55
2020-04-06,264.86,112.63,27.895,45.2400016784668,168.02,75.34
2020-04-07,265.13,112.92,27.545,46.70000076293945,166.33,75.34
2020-04-08,274.03,118.07,29.045,43.349998474121094,165.08,77.3
2020-04-09,278.2,123.72,30.415,41.66999816894531,165.38,82.36
2020-04-13,275.66,120.37,29.45,41.16999816894531,163.94,81.18
2020-04-14,283.79,122.81,30.315,37.7599983215332,163.97,81.52
2020-04-15,277.76,117.8,29.315,40.84000015258789,168.1,80.76
2020-04-16,279.1,116.91,29.32,40.11000061035156,170.05,80.68
2020-04-17,286.64,122.06,30.265,38.150001525878906,167.81,81.09
2020-04-20,281.59,120.62,29.12,43.83000183105469,169.16,79.87
2020-04-21,273.04,117.74,28.64,45.40999984741211,171.14,78.41
2020-04-22,279.1,119.17,29.475,41.97999954223633,169.48,79.1
2020-04-23,279.08,120.34,28.98,41.380001068115234,170.43,79.06
2020-04-24,282.97,122.41,29.16,35.93000030517578,170.8,78.32
2020-04-27,287.05,127.26,29.465,33.290000915527344,167.67,78.64
2020-04-28,285.73,129.11,29.575,33.56999969482422,169.53,78.88
2020-04-29,293.21,135.46,29.305,31.229999542236328,168.68,80.27
2020-04-30,290.48,130.31,28.63,34.150001525878906,166.82,80.43
2020-05-01,282.79,125.14,27.94,37.189998626708984,167.9,78.68
2020-05-04,283.57,125.68,28.15,35.970001220703125,167.13,78.57
2020-05-05,286.19,126.65,28.38,33.61000061035156,166.08,79.25
2020-05-06,284.25,125.72,27.415,34.119998931884766,163.41,78.8
2020-05-07,287.68,127.44,27.525,31.440000534057617,166.1,79.0
2020-05-08,292.44,132.36,28.08,27.979999542236328,164.05,79.75
2020-05-11,292.5,131.7,27.96,27.56999969482422,162.72,79.39
2020-05-12,286.67,126.97,27.715,33.040000915527344,164.37,79.29
2020-05-13,281.6,122.72,27.48,35.279998779296875,165.55,78.87
2020-05-14,284.97,123.12,27.775,32.61000061035156,167.17,78.6
2020-05-15,286.28,125.08,27.405,31.889999389648438,166.71,78.71
2020-05-18,295.0,132.68,28.53,29.299999237060547,163.07,80.1
2020-05-19,291.97,130.06,28.06,30.530000686645508,163.66,80.2
2020-05-20,296.93,134.0,28.215,27.989999771118164,164.13,81.05
2020-05-21,294.88,134.24,27.93,29.530000686645508,164.6,81.03
2020-05-22,295.44,134.89,28.24,28.15999984741211,165.45,81.23
2020-05-26,299.08,138.78,28.425,28.010000228881836,163.3319,81.84
2020-05-27,303.53,143.09,28.765,27.6200008392334,163.09,82.01
2020-05-28,302.97,139.7,29.615,28.59000015258789,162.435,82.09
2020-05-29,304.32,138.9,29.845,27.510000228881836,163.54,82.42
2020-06-01,305.55,140.23,30.2,28.229999542236328,162.26,82.72
2020-06-02,308.08,141.39,30.395,26.84000015258789,161.65,83.54
2020-06-03,312.18,144.8,30.76,25.65999984741211,159.54,83.93
2020-06-04,311.36,144.59,30.21,25.809999465942383,157.26,83.67
2020-06-05,319.34,150.18,30.595,24.520000457763672,156.1,84.46
2020-06-08,323.2,153.09,31.415,25.809999465942383,156.7,84.56
2020-06-09,320.79,150.26,30.785,27.56999969482422,158.53,83.9
2020-06-10,319.0,146.18,30.605,27.56999969482422,160.81,83.78
2020-06-11,300.61,135.03,29.41,40.790000915527344,163.92,81.63
2020-06-12,304.21,138.27,29.335,36.09000015258789,162.31,82.44
2020-06-15,307.05,140.99,29.535,34.400001525878906,162.44,83.24
2020-06-16,312.96,144.38,29.67,33.66999816894531,159.99,83.58
2020-06-17,311.66,141.77,29.58,33.470001220703125,160.55,83.19
2020-06-18,311.78,141.72,29.575,32.939998626708984,162.29,83.16
2020-06-19,308.64,140.99,28.745,35.119998931884766,162.3715,82.88
2020-06-22,310.62,142.4,28.785,31.770000457763672,162.39,82.82
2020-06-23,312.05,143.0,28.495,31.3700008392334,161.3327,82.94
2020-06-24,304.09,138.36,28.235,33.84000015258789,163.0598,82.09
2020-06-25,307.35,140.45,27.885,32.220001220703125,163.46,82.12
2020-06-26,300.05,136.67,27.59,34.72999954223633,165.24,81.34
2020-06-29,304.46,141.14,28.11,31.780000686645508,164.6827,80.88
2020-06-30,308.36,143.18,28.215,30.43000030517578,163.94,81.62
2020-07-01,310.52,141.82,28.875,28.6200008392334,163.4,81.53
2020-07-02,312.23,142.4,28.95,27.68000030517578,163.58,82.13
2020-07-06,317.05,143.43,28.595,27.940000534057617,162.91,82.72
2020-07-07,313.78,140.89,28.48,29.43000030517578,165.19,82.17
2020-07-08,316.18,141.94,28.735,28.079999923706055,164.53,82.39
2020-07-09,314.38,139.07,28.35,29.260000228881836,167.16,82.21
2020-07-10,317.59,141.31,28.885,27.290000915527344,166.29,82.49
2020-07-13,314.84,139.52,28.915,32.189998626708984,166.88,82.04
2020-07-14,318.92,141.83,29.185,29.520000457763672,167.1,82.74
2020-07-15,321.85,147.03,29.07,27.760000228881836,166.31,83.21
2020-07-16,320.79,146.16,29.44,28.0,167.1,83.29
2020-07-17,321.72,146.59,30.105,25.68000030517578,166.76,83.52
2020-07-20,324.32,145.96,29.71,24.459999084472656,167.13,84.02
2020-07-21,325.01,148.03,29.845,24.84000015258789,167.28,84.41
2020-07-22,326.86,148.11,30.305,24.31999969482422,167.75,84.58
2020-07-23,322.96,148.26,30.34,26.079999923706055,169.74,84.52
2020-07-24,320.88,146.08,30.14,25.84000015258789,169.78,84.6
2020-07-27,323.22,147.6,29.775,24.739999771118164,169.09,84.8
2020-07-28,321.17,146.13,30.225,25.440000534057617,170.27,84.58
2020-07-29,325.12,149.35,30.365,24.100000381469727,169.99,85.05
2020-07-30,323.96,148.76,30.365,24.760000228881836,171.1,85.23
2020-07-31,326.52,147.36,30.415,24.459999084472656,171.0,85.39
2020-08-03,328.79,149.76,30.085,24.280000686645508,169.98,85.07
2020-08-04,330.06,150.79,30.415,23.760000228881836,171.54,85.04
2020-08-05,332.11,153.79,30.025,22.989999771118164,170.11,85.19
2020-08-06,334.33,153.73,30.2,22.649999618530273,171.02,85.38
2020-08-07,334.57,156.17,30.745,22.209999084472656,169.89,85.17
2020-08-10,335.57,157.79,30.735,22.1299991607666,169.1,85.21
2020-08-11,332.8,156.88,30.07,24.030000686645508,167.11,84.44
2020-08-12,337.44,157.52,30.505,22.280000686645508,165.6,84.46
2020-08-13,336.83,157.19,30.455,22.1299991607666,163.82,84.23
2020-08-14,336.84,157.09,30.19,22.049999237060547,163.2,84.08
2020-08-17,337.91,157.9,30.15,21.350000381469727,163.61,84.58
2020-08-18,338.64,156.39,30.015,21.510000228881836,164.78,84.71
2020-08-19,337.23,156.4,29.925,22.540000915527344,163.74,84.47
2020-08-20,338.28,155.76,29.66,22.719999313354492,165.21,84.75
2020-08-21,339.48,154.61,29.71,22.540000915527344,166.24,84.74
2020-08-24,342.92,156.23,29.97,22.3700008392334,165.9,85.13
2020-08-25,344.12,156.4,29.685,22.030000686645508,164.67,85.22
2020-08-26,347.57,155.42,29.355,23.270000457763672,164.06,85.21
2020-08-27,348.33,155.8,29.45,24.469999313354492,161.26,85.08
2020-08-28,350.58,157.12,29.535,22.959999084472656,161.16,85.15
2020-08-31,349.31,155.43,29.625,26.40999984741211,162.12,85.03
2020-09-01,352.6,157.21,29.285,26.1200008392334,163.91,85.15
2020-09-02,357.7,158.46,30.195,26.56999969482422,165.43,85.25
2020-09-03,345.39,153.78,29.855,33.599998474121094,165.89,84.72
2020-09-04,342.57,152.8,29.685,30.75,162.79,84.49
2020-09-08,333.21,149.86,29.52,31.459999084472656,163.77,84.02
2020-09-09,339.79,152.13,29.91,28.809999465942383,163.3,84.68
2020-09-10,333.89,150.15,29.395,29.709999084472656,164.13,84.28
2020-09-11,334.06,149.15,29.465,26.8700008392334,164.45,84.45
2020-09-14,338.46,153.08,29.87,25.850000381469727,164.47,84.36
2020-09-15,340.17,153.37,30.07,25.59000015258789,164.1,84.59
2020-09-16,338.82,154.82,30.03,26.040000915527344,163.62,84.59
2020-09-17,335.84,153.69,29.785,26.459999084472656,164.12,84.5
2020-09-18,330.65,153.29,29.26,25.829999923706055,163.57,84.29
2020-09-21,326.97,147.92,28.83,27.780000686645508,164.39,83.61
2020-09-22,330.3,149.06,29.01,26.860000610351562,164.264,83.9
2020-09-23,322.64,144.07,28.565,28.579999923706055,164.5,83.05
2020-09-24,323.5,144.07,28.885,28.510000228881836,165.1,83.1
2020-09-25,328.73,146.41,29.36,26.3799991607666,165.12,82.95
2020-09-28,334.19,150.02,29.435,26.190000534057617,164.64,83.49
2020-09-29,332.37,149.34,29.425,26.270000457763672,164.81,83.56
2020-09-30,334.89,149.79,29.69,26.3700008392334,163.3,83.9
2020-10-01,337.04,152.18,29.99,26.700000762939453,163.37,83.83
2020-10-02,333.84,152.85,30.345,27.6299991607666,162.73,83.83
2020-10-05,339.76,157.07,30.725,27.959999084472656,159.55,84.46
2020-10-06,334.93,156.62,30.985,29.479999542236328,160.43,84.27
2020-10-07,340.76,160.04,31.175,28.059999465942383,159.25,84.57
2020-10-08,343.78,161.86,31.745,26.360000610351562,160.16,84.76
2020-10-09,346.85,162.7,31.74,25.0,160.06,84.95
2020-10-12,352.43,163.79,31.94,25.06999969482422,160.575,85.38
2020-10-13,350.13,162.7,31.72,26.06999969482422,161.76,85.0
2020-10-14,347.93,161.09,31.68,26.399999618530273,162.12,84.79
2020-10-15,347.5,162.75,31.66,26.969999313354492,161.87,84.73
2020-10-16,347.29,162.35,32.0,27.40999984741211,161.43,84.63
2020-10-19,342.01,160.41,31.73,29.18000030517578,160.77,84.33
2020-10-20,343.38,160.76,31.92,29.350000381469727,159.27,84.63
2020-10-21,342.73,159.38,31.835,28.649999618530273,158.72,84.62
2020-10-22,344.61,162.13,32.285,28.110000610351562,157.01,84.77
2020-10-23,345.78,163.07,32.375,27.549999237060547,157.99,84.87
2020-10-26,339.39,159.55,32.365,32.459999084472656,159.485,84.12
2020-10-27,338.22,158.18,32.34,33.349998474121094,160.55,84.16
2020-10-28,326.66,153.31,31.4,40.279998779296875,160.75,83.46
2020-10-29,329.98,155.14,31.485,37.59000015258789,159.13,83.7
2020-10-30,326.54,153.09,31.19,38.02000045776367,157.58,83.88
2020-11-02,330.2,155.82,31.875,37.130001068115234,158.55,83.72
2020-11-03,336.03,160.24,32.335,35.54999923706055,157.68,84.44
2020-11-04,343.54,160.42,31.85,29.56999969482422,161.06,85.23
2020-11-05,350.24,164.91,32.135,27.579999923706055,161.37,85.53
2020-11-06,350.16,163.62,32.065,24.860000610351562,159.45,85.23
2020-11-09,354.56,169.55,32.66,25.75,156.11,85.88
2020-11-10,354.04,172.7,33.13,24.799999237060547,155.23,85.76
2020-11-11,356.67,172.63,33.255,23.450000762939453,155.76,85.73
2020-11-12,353.21,169.98,32.72,25.350000381469727,158.37,85.15
2020-11-13,358.1,173.5,33.045,23.100000381469727,158.14,85.44
2020-11-16,362.57,177.63,33.38,22.450000762939453,157.79,85.92
2020-11-17,360.62,178.46,32.725,22.709999084472656,158.83,85.95
2020-11-18,356.28,175.96,32.085,23.84000015258789,159.28,85.79
2020-11-19,357.78,177.31,31.765,23.110000610351562,160.06,86.08
2020-11-20,355.33,177.5,31.77,23.700000762939453,161.49,85.92
2020-11-23,357.46,180.82,31.775,22.65999984741211,160.78,86.05
2020-11-24,363.22,184.22,32.115,21.639999389648438,159.2,86.31
2020-11-25,362.66,183.59,32.2,21.25,158.71,86.27
2020-11-27,363.67,184.37,31.88,20.84000015258789,160.2,86.41
2020-11-30,362.06,181.02,31.42,20.56999969482422,160.04,86.32
2020-12-01,366.02,182.7,31.64,20.770000457763672,157.55,86.2
2020-12-02,366.79,182.89,31.85,21.170000076293945,156.26,86.44
2020-12-03,366.69,183.92,31.52,21.280000686645508,157.51,86.49
2020-12-04,369.85,188.2,31.205,20.790000915527344,155.18,86.85
2020-12-07,369.09,188.38,31.38,21.299999237060547,156.57,86.81
2020-12-08,370.17,190.8,31.285,20.68000030517578,157.33,86.74
2020-12-09,366.85,189.41,31.23,22.270000457763672,156.79,86.61
2020-12-10,366.73,191.24,31.07,22.520000457763672,158.23,86.77
2020-12-11,366.3,190.3,31.12,23.309999465942383,158.78,86.68
2020-12-14,364.66,189.93,30.96,24.719999313354492,158.32,86.7
2020-12-15,369.59,194.68,31.57,22.889999389648438,157.8,86.97
2020-12-16,370.17,193.98,31.205,22.5,157.39,86.84
2020-12-17,372.24,196.29,31.415,21.93000030517578,156.8,86.61
2020-12-18,369.18,195.34,31.145,21.56999969482422,156.36,86.68
2020-12-21,367.86,195.24,30.51,25.15999984741211,156.98,86.37
2020-12-22,367.24,197.46,30.45,24.229999542236328,157.76,86.48
2020-12-23,367.57,199.14,30.39,23.309999465942383,156.69,86.87
2020-12-24,369.0,199.01,30.605,21.530000686645508,157.27,87.05
2020-12-28,372.17,198.27,30.74,21.700000762939453,157.3407,87.16
2020-12-29,371.46,194.43,30.735,23.079999923706055,157.17,87.05
2020-12-30,371.99,196.41,30.89,22.770000457763672,157.481,87.23
2020-12-31,373.88,196.06,31.35,22.75,157.73,87.3
2021-01-04,368.79,193.5,30.56,26.969999313354492,157.55,87.12
2021-01-05,371.33,196.49,30.555,25.34000015258789,156.42,87.15
2021-01-06,373.55,204.53,31.315,25.06999969482422,153.18,86.99
2021-01-07,379.1,208.17,30.905,22.3700008392334,151.82,87.24
2021-01-08,381.26,207.72,31.165,21.559999465942383,151.38,87.37
2021-01-11,378.69,207.54,30.875,24.079999923706055,151.07,86.9
2021-01-12,378.77,211.26,30.71,23.329999923706055,150.97,87.01
2021-01-13,379.79,209.75,31.31,22.209999084472656,152.65,87.27
2021-01-14,378.46,213.94,31.19,23.25,151.24,87.25
2021-01-15,375.7,210.75,31.495,24.34000015258789,151.86,87.11
2021-01-19,378.65,213.45,31.375,23.239999771118164,152.36,87.36
2021-01-20,383.89,214.39,31.56,21.579999923706055,152.45,87.52
2021-01-21,384.24,212.53,31.375,21.31999969482422,151.42,87.47
2021-01-22,382.88,215.0,31.42,21.90999984741211,151.85,87.3
2021-01-25,384.39,214.79,32.05,23.190000534057617,153.6,87.32
2021-01-26,383.79,213.3,31.73,23.020000457763672,153.39,87.19
2021-01-27,374.41,209.39,30.875,37.209999084472656,153.82,86.94
2021-01-28,377.63,208.72,31.245,30.209999084472656,152.96,87.2
2021-01-29,370.07,205.56,31.075,33.09000015258789,152.05,86.97
2021-02-01,376.23,210.61,31.225,30.239999771118164,152.01,86.93
2021-02-02,381.55,213.61,31.48,25.559999465942383,151.03,87.14
2021-02-03,381.85,214.25,31.38,22.90999984741211,149.68,87.21
2021-02-04,386.19,218.62,31.625,21.770000457763672,149.27,87.39
2021-02-05,387.71,221.65,31.795,20.8700008392334,148.04,87.52
2021-02-08,390.51,227.31,31.55,21.239999771118164,148.67,87.78
2021-02-09,390.25,228.38,31.595,21.6299991607666,148.775,87.62
2021-02-10,390.08,226.88,31.72,21.989999771118164,149.73,87.6
2021-02-11,390.71,226.62,31.54,21.25,148.98,87.64
2021-02-12,392.64,227.26,31.31,19.969999313354492,147.13,87.78
2021-02-16,392.3,225.83,30.96,21.459999084472656,144.93,87.64
2021-02-17,392.39,224.06,30.985,21.5,145.8,87.61
2021-02-18,390.72,220.59,31.17,22.489999771118164,145.22,87.49
2021-02-19,390.03,225.19,30.705,22.049999237060547,143.28,87.5
2021-02-22,387.03,223.73,30.105,23.450000762939453,142.21,87.23
2021-02-23,387.5,221.76,30.355,23.110000610351562,141.79,87.44
2021-02-24,391.77,227.0,30.0,21.34000015258789,140.85,87.53
2021-02-25,382.33,218.61,29.73,28.889999389648438,138.71,86.7
2021-02-26,380.36,218.31,29.18,27.950000762939453,143.25,86.44
2021-03-01,389.58,226.07,29.825,23.350000381469727,141.1,87.1
2021-03-02,386.54,221.72,29.735,24.100000381469727,141.09,86.97
2021-03-03,381.42,219.32,29.385,26.670000076293945,139.53,86.69
2021-03-04,376.7,213.19,29.36,28.56999969482422,138.65,86.36
2021-03-05,383.63,217.71,29.84,24.65999984741211,138.92,86.62
2021-03-08,381.72,218.74,30.26,25.469999313354492,137.87,85.99
2021-03-09,387.17,223.34,30.66,24.030000686645508,139.72,86.11
2021-03-10,389.58,227.22,30.87,22.559999465942383,139.99,86.38
2021-03-11,393.53,232.22,30.79,21.90999984741211,139.05,86.7
2021-03-12,394.06,233.59,31.205,20.690000534057617,136.09,86.46
2021-03-15,396.41,234.42,31.605,20.030000686645508,136.82,86.47
2021-03-16,395.91,230.5,31.645,19.790000915527344,136.335,86.27
2021-03-17,397.26,232.31,31.13,19.229999542236328,135.31,86.39
2021-03-18,391.48,225.24,31.015,21.579999923706055,133.94,85.73
2021-03-19,389.48,226.94,31.1,20.950000762939453,134.79,86.06
2021-03-22,392.59,225.23,30.825,18.8799991607666,136.25,86.37
2021-03-23,389.5,217.06,31.285,20.299999237060547,137.46,86.46
2021-03-24,387.52,212.04,31.295,21.200000762939453,138.22,86.51
2021-03-25,389.7,216.66,31.63,19.809999465942383,137.18,86.66
2021-03-26,395.98,220.61,31.735,18.860000610351562,136.67,86.92
2021-03-29,395.78,214.4,32.075,20.739999771118164,135.52,86.97
2021-03-30,394.73,218.01,31.785,19.610000610351562,136.26,86.76
2021-03-31,396.33,220.94,32.02,19.399999618530273,135.69,87.18
2021-04-01,400.61,223.74,31.99,17.329999923706055,137.48,87.07
2021-04-05,406.36,224.97,32.34,17.90999984741211,136.95,87.11
2021-04-06,406.12,224.31,32.51,18.1200008392334,137.85,87.26
2021-04-07,406.59,220.69,32.47,17.15999984741211,136.94,87.23
2021-04-08,408.52,222.56,32.445,16.950000762939453,138.04,87.26
2021-04-09,411.49,222.59,32.41,16.690000534057617,137.54,87.2
2021-04-12,411.64,221.72,32.44,16.90999984741211,137.46,87.11
2021-04-13,412.86,221.14,32.825,16.649999618530273,138.44,87.17
2021-04-14,411.45,223.32,32.97,16.989999771118164,138.05,87.13
2021-04-15,415.87,224.29,33.335,16.56999969482422,140.28,87.48
2021-04-16,417.26,224.65,33.605,16.25,139.29,87.3
2021-04-19,415.21,221.73,33.435,17.290000915527344,138.87,87.16
2021-04-20,412.17,217.19,33.86,18.68000030517578,139.5,87.01
2021-04-21,416.07,222.5,33.575,17.5,139.75,87.3
2021-04-22,412.27,221.58,33.335,18.709999084472656,140.35,87.14
2021-04-23,416.74,225.76,33.29,17.329999923706055,140.06,87.37
2021-04-26,417.61,228.11,33.1,17.639999389648438,139.88,87.33
2021-04-27,417.52,228.45,32.845,17.559999465942383,138.68,87.21
2021-04-28,417.4,228.84,32.8,17.280000686645508,138.75,87.38
2021-04-29,420.06,227.99,33.1,17.610000610351562,138.29,87.48
2021-04-30,417.3,224.89,33.36,18.610000610351562,138.66,87.44
2021-05-03,418.2,225.99,33.355,18.309999465942383,138.53,87.18
2021-05-04,415.62,223.29,33.23,19.479999542236328,139.4,87.13
2021-05-05,415.75,222.4,32.67,19.149999618530273,139.69,87.3
2021-05-06,419.07,222.59,32.92,18.389999389648438,139.91,87.27
2021-05-07,422.12,225.39,33.02,16.690000534057617,139.22,87.33
2021-05-10,417.94,219.66,33.355,19.65999984741211,137.81,87.13
2021-05-11,414.21,218.96,32.945,21.84000015258789,137.05,87.04
2021-05-12,405.41,211.85,32.175,27.59000015258789,135.64,86.62
2021-05-13,410.28,215.75,32.795,23.1299991607666,135.79,86.93
2021-05-14,416.58,221.02,32.955,18.809999465942383,137.06,87.21
2021-05-17,415.52,221.32,32.685,19.719999313354492,136.8,87.05
2021-05-18,411.94,219.64,32.68,21.34000015258789,136.48,86.84
2021-05-19,410.86,217.95,32.625,22.18000030517578,136.14,86.61
2021-05-20,415.28,219.4,32.91,20.670000076293945,137.22,86.98
2021-05-21,414.94,219.97,33.08,20.149999618530273,137.67,87.11
2021-05-24,419.17,221.4,33.02,18.399999618530273,138.16,87.21
2021-05-25,418.24,219.26,32.62,18.84000015258789,139.5,87.22
2021-05-26,419.07,223.35,32.625,17.360000610351562,139.25,87.25
2021-05-27,419.29,225.65,32.405,16.739999771118164,138.65,87.21
2021-05-28,420.04,225.5,32.58,16.760000228881836,138.4,87.18
2021-06-01,419.67,228.06,32.38,17.899999618530273,138.23,87.15
2021-06-02,420.33,228.33,32.55,17.479999542236328,138.51,87.26
2021-06-03,418.77,226.42,32.745,18.040000915527344,138.01,87.08
2021-06-04,422.6,227.4,32.695,16.420000076293945,139.88,87.27
2021-06-07,422.19,230.45,32.755,16.420000076293945,139.47,87.3
2021-06-08,422.28,232.89,32.475,17.06999969482422,140.43,87.36
2021-06-09,421.65,231.34,32.765,17.889999389648438,141.66,87.43
2021-06-10,423.61,229.28,32.98,16.100000381469727,142.52,87.59
2021-06-11,424.31,231.7,33.055,15.649999618530273,142.29,87.62
2021-06-14,425.26,231.02,33.125,16.389999389648438,141.22,87.54
2021-06-15,424.48,230.36,33.225,17.020000457763672,141.04,87.53
2021-06-16,422.11,229.87,32.725,18.149999618530273,140.94,87.41
2021-06-17,421.97,227.29,32.905,17.75,143.04,87.47
2021-06-18,414.92,222.13,32.05,20.700000762939453,145.75,87.43
2021-06-21,420.86,226.88,32.215,17.889999389648438,143.35,87.6
2021-06-22,423.11,227.91,32.02,16.65999984741211,143.6,87.66
2021-06-23,422.6,228.66,31.68,16.31999969482422,143.25,87.57
2021-06-24,425.1,231.89,31.65,15.970000267028809,143.46,87.84
2021-06-25,426.61,232.28,31.99,15.619999885559082,142.06,87.93
2021-06-28,427.47,230.44,32.195,15.760000228881836,143.43,87.92
2021-06-29,427.7,229.34,31.675,16.020000457763672,143.68,88.03
2021-06-30,428.06,229.37,31.615,15.829999923706055,144.29,88.04
2021-07-01,430.43,231.39,31.96,15.479999542236328,144.16,87.92
2021-07-02,433.72,229.19,32.01,15.069999694824219,145.02,88.06
2021-07-06,432.93,225.86,32.145,16.440000534057617,146.7,88.01
2021-07-07,434.46,223.76,32.355,16.200000762939453,147.98,88.04
2021-07-08,430.92,221.7,32.26,19.0,148.58,87.85
2021-07-09,435.52,226.38,32.3,16.18000030517578,146.54,88.0
2021-07-12,437.08,226.57,32.405,16.170000076293945,146.31,87.97
2021-07-13,435.59,222.3,32.16,17.1200008392334,145.24,87.71
2021-07-14,436.24,218.87,32.44,16.329999923706055,146.84,87.85
2021-07-15,434.75,217.63,32.805,17.010000228881836,148.43,87.79
2021-07-16,431.34,214.95,33.135,18.450000762939453,148.2,87.67
2021-07-19,424.97,211.73,32.61,22.5,151.48,87.08
2021-07-20,431.06,218.3,32.75,19.729999542236328,150.02,87.52
2021-07-21,434.55,222.06,32.39,17.90999984741211,148.11,87.73
2021-07-22,435.46,218.53,32.44,17.690000534057617,149.45,87.78
2021-07-23,439.94,219.55,32.855,17.200000762939453,148.52,87.95
2021-07-26,441.02,220.19,32.865,17.579999923706055,148.08,87.82
2021-07-27,439.01,217.62,33.43,19.360000610351562,149.59,87.7
2021-07-28,438.83,220.82,33.175,18.309999465942383,149.64,87.77
2021-07-29,440.65,222.52,33.265,17.700000762939453,148.82,87.96
2021-07-30,438.51,221.05,32.985,18.239999771118164,149.54,87.84
2021-08-02,437.59,219.95,33.24,19.459999084472656,150.67,87.34
2021-08-03,441.15,220.86,33.43,18.040000915527344,150.72,87.44
2021-08-04,438.98,218.11,33.38,17.969999313354492,151.04,87.28
2021-08-05,441.76,222.03,33.745,17.280000686645508,150.29,87.48
2021-08-06,442.49,223.39,33.725,16.149999618530273,147.9,87.38
2021-08-09,442.13,222.16,33.715,16.719999313354492,147.3,87.18
2021-08-10,442.68,222.6,33.75,16.790000915527344,146.58,86.98
2021-08-11,443.78,223.69,34.065,16.170000076293945,146.5,87.12
2021-08-12,445.11,223.16,34.1,15.59000015258789,146.29,87.27
2021-08-13,445.92,221.13,34.34,15.449999809265137,148.56,87.46
2021-08-16,446.97,219.07,34.55,16.1200008392334,148.91,87.49
2021-08-17,444.04,216.4,34.57,17.90999984741211,148.88,87.29
2021-08-18,439.18,214.51,34.395,21.56999969482422,149.34,87.09
2021-08-19,439.86,211.94,34.535,21.670000076293945,150.43,87.08
2021-08-20,443.36,215.52,34.965,18.559999465942383,150.52,87.29
2021-08-23,447.26,219.62,34.515,17.149999618530273,150.46,87.56
2021-08-24,447.97,221.78,34.29,17.219999313354492,149.32,87.68
2021-08-25,448.91,222.56,34.355,16.790000915527344,148.04,87.77
2021-08-26,446.26,220.2,34.27,18.84000015258789,148.5,87.72
2021-08-27,450.25,226.41,34.26,16.389999389648438,149.41,87.96
2021-08-30,452.23,225.48,34.31,16.190000534057617,149.79,88.07
2021-08-31,451.56,225.92,34.27,16.479999542236328,148.93,88.09
2021-09-01,451.8,227.44,34.72,16.110000610351562,148.82,87.89
2021-09-02,453.19,229.02,35.035,16.40999984741211,149.52,88.0
2021-09-03,453.08,227.96,34.745,16.40999984741211,148.17,88.01
2021-09-07,451.46,226.39,34.285,18.139999389648438,146.97,87.78
2021-09-08,450.91,223.92,34.9,17.959999084472656,147.92,87.88
2021-09-09,448.98,223.81,34.71,18.799999237060547,149.71,87.96
2021-09-10,445.44,221.62,34.225,20.950000762939453,148.44,87.83
2021-09-13,446.58,222.88,34.165,19.3700008392334,149.39,88.05
2021-09-14,444.17,220.04,34.05,19.459999084472656,151.09,88.01
2021-09-15,447.88,222.03,34.005,18.18000030517578,150.57,88.14
2021-09-16,447.17,222.19,33.72,18.690000534057617,149.92,88.11
2021-09-17,441.4,222.48,33.2,20.809999465942383,149.19,88.0
2021-09-20,434.04,217.19,32.89,25.709999084472656,151.05,87.69
2021-09-21,433.63,217.52,32.8,24.360000610351562,150.89,87.84
2021-09-22,437.86,220.9,32.78,20.8700008392334,151.73,88.0
2021-09-23,443.18,224.81,32.605,18.6299991607666,148.37,88.04
2021-09-24,443.91,223.05,32.57,17.75,146.94,87.91
2021-09-27,442.64,226.44,32.185,18.760000228881836,146.38,87.83
2021-09-28,433.72,221.29,31.78,23.25,144.09,87.43
2021-09-29,434.45,220.82,32.195,22.559999465942383,144.37,87.59
2021-09-30,429.14,218.75,31.94,23.139999389648438,144.31,87.49
2021-10-01,434.24,222.28,31.94,21.100000381469727,145.36,87.41
2021-10-04,428.64,220.26,32.38,22.959999084472656,144.99,87.1
2021-10-05,433.1,221.02,32.3,21.299999237060547,143.61,87.06
2021-10-06,434.9,219.87,32.8,21.0,144.38,87.01
2021-10-07,438.66,223.26,32.625,19.540000915527344,142.89,87.02
2021-10-08,437.86,221.58,32.385,18.770000457763672,141.92,86.76
2021-10-11,434.69,220.31,31.945,20.0,141.52,86.49
2021-10-12,433.62,221.52,32.16,19.850000381469727,143.94,86.65
2021-10-13,435.18,222.57,32.535,18.639999389648438,145.31,86.88
2021-10-14,442.5,225.87,32.935,16.860000610351562,145.91,87.37
2021-10-15,445.87,225.16,32.84,16.299999237060547,145.07,87.22
2021-10-18,447.19,225.03,32.525,16.309999465942383,145.67,87.18
2021-10-19,450.64,225.87,32.935,15.699999809265137,143.75,87.24
2021-10-20,452.41,227.37,33.455,15.489999771118164,142.75,87.27
2021-10-21,453.59,227.95,33.455,15.010000228881836,142.58,87.05
2021-10-22,453.12,227.41,33.625,15.430000305175781,144.09,86.84
2021-10-25,455.55,229.57,33.48,15.239999771118164,143.89,86.99
2021-10-26,455.96,227.84,33.66,15.979999542236328,145.07,87.01
2021-10-27,453.94,223.65,33.435,16.979999542236328,147.67,86.94
2021-10-28,458.32,228.11,33.655,16.530000686645508,147.238,87.16
2021-10-29,459.25,228.05,33.455,16.260000228881836,147.72,86.93
2021-11-01,460.04,233.96,33.575,16.40999984741211,146.48,86.56
2021-11-02,461.9,234.45,33.605,16.030000686645508,147.07,86.77
2021-11-03,464.72,238.64,33.48,15.100000381469727,145.61,86.94
2021-11-04,466.91,238.55,33.295,15.4399995803833,147.1,87.17
2021-11-05,468.53,241.81,33.61,16.479999542236328,149.26,87.5
2021-11-08,468.93,242.56,33.11,17.219999313354492,149.0488,87.39
2021-11-09,467.38,241.15,33.28,17.780000686645508,150.94,87.46
2021-11-10,463.62,237.35,33.55,18.729999542236328,148.27,86.97
2021-11-11,463.77,239.26,33.345,17.65999984741211,148.01,86.82
2021-11-12,467.27,239.5,33.325,16.290000915527344,147.36,86.85
2021-11-15,467.43,238.55,33.765,16.489999771118164,145.5,86.75
2021-11-16,469.28,238.99,33.605,16.3700008392334,145.14,86.79
2021-11-17,468.14,235.86,33.635,17.110000610351562,146.26,86.7
2021-11-18,469.73,234.86,33.46,17.59000015258789,146.77,86.63
2021-11-19,468.89,232.72,33.65,17.90999984741211,148.33,86.56
2021-11-22,467.57,231.73,33.855,19.170000076293945,146.63,86.23
2021-11-23,468.19,231.33,33.89,19.3799991607666,144.56,86.11
2021-11-24,469.44,231.58,33.91,18.579999923706055,146.79,86.09
2021-11-26,458.97,222.85,33.38,28.6200008392334,150.47,85.47
2021-11-29,464.6,222.71,33.875,22.959999084472656,149.31,86.0
2021-11-30,455.56,218.17,32.885,27.190000534057617,151.66,85.64
2021-12-01,450.5,213.26,32.945,31.1200008392334,152.3,85.37
2021-12-02,457.4,219.21,33.365,27.950000762939453,152.5,86.0
2021-12-03,453.42,214.71,33.7,30.670000076293945,154.32,86.0
2021-12-06,458.79,219.02,34.215,27.18000030517578,152.25,86.38
2021-12-07,468.28,224.1,34.47,21.889999389648438,151.0,86.84
2021-12-08,469.52,225.63,34.435,19.899999618530273,148.5,86.82
2021-12-09,466.35,220.52,34.39,21.579999923706055,149.21,86.43
2021-12-10,470.74,219.91,34.575,18.690000534057617,148.88,86.63
2021-12-13,466.57,216.04,35.0,20.309999465942383,150.99,86.63
2021-12-14,463.36,214.18,34.79,21.889999389648438,150.71,86.48
2021-12-15,470.6,217.58,35.36,19.290000915527344,149.26,86.81
2021-12-16,466.45,213.18,35.54,20.56999969482422,149.13,86.45
2021-12-17,459.87,215.14,35.005,21.56999969482422,150.779,86.37
2021-12-20,454.98,212.12,34.765,22.8700008392334,149.81,86.22
2021-12-21,463.06,218.18,34.715,21.010000228881836,149.13,86.68
2021-12-22,467.69,220.28,34.865,18.6299991607666,149.77,86.91
2021-12-23,470.6,222.04,34.86,17.959999084472656,148.52,87.16
2021-12-27,477.26,224.12,35.03,17.68000030517578,148.85,87.25
2021-12-28,476.87,222.75,35.345,17.540000915527344,148.3,87.21
2021-12-29,477.48,222.99,35.535,16.950000762939453,146.7,87.07
2021-12-30,476.16,222.93,35.665,17.329999923706055,147.85,87.03
2021-12-31,474.96,222.45,35.79,17.219999313354492,148.14,87.01
2022-01-03,477.71,225.32,35.435,16.600000381469727,144.29,86.97
2022-01-04,477.55,224.98,35.325,16.90999984741211,143.67,86.75
2022-01-05,468.38,217.36,35.305,19.729999542236328,142.95,86.08
2022-01-06,467.94,218.6,34.94,19.610000610351562,143.28,86.09
2022-01-07,466.09,216.07,35.205,18.760000228881836,142.31,85.87
2022-01-10,465.51,215.32,34.975,19.399999618530273,142.64,85.94
2022-01-11,469.75,217.61,34.66,18.40999984741211,143.53,86.34
2022-01-12,471.02,215.99,34.77,17.6200008392334,143.05,86.48
2022-01-13,464.53,214.01,34.94,20.309999465942383,144.26,86.17
2022-01-14,464.72,214.31,34.7,19.190000534057617,142.14,86.09
2022-01-18,456.49,207.83,34.285,22.790000915527344,140.09,85.67
2022-01-19,451.75,204.45,34.44,23.850000381469727,141.07,85.59
2022-01-20,446.75,200.75,34.485,25.59000015258789,141.97,85.43
2022-01-21,437.98,196.99,34.42,28.850000381469727,143.66,85.44
2022-01-24,439.84,201.53,34.09,29.899999618530273,142.5,85.35
2022-01-25,434.47,198.84,33.555,31.15999984741211,142.19,85.1
2022-01-26,433.38,195.97,33.28,31.959999084472656,140.52,84.81
2022-01-27,431.24,191.52,33.575,30.489999771118164,143.08,84.44
2022-01-28,441.95,195.25,33.98,27.65999984741211,143.12,84.68
2022-01-31,449.91,201.24,34.625,24.829999923706055,142.41,84.7
2022-02-01,452.95,203.36,34.165,21.959999084472656,141.73,84.73
2022-02-02,457.35,201.34,34.67,22.09000015258789,142.24,84.86
2022-02-03,446.6,197.53,34.515,24.350000381469727,141.12,84.1
2022-02-04,448.7,198.38,34.24,23.219999313354492,139.08,83.77
2022-02-07,447.26,199.36,34.19,22.860000610351562,139.13,83.71
2022-02-08,450.94,202.76,34.215,21.440000534057617,138.15,83.62
2022-02-09,457.54,206.61,34.365,19.959999084472656,138.45,84.06
2022-02-10,449.32,203.44,33.495,23.90999984741211,136.22,82.95
2022-02-11,440.46,201.38,33.515,27.360000610351562,138.36,82.66
2022-02-14,439.02,200.68,33.23,28.329999923706055,136.56,82.52
2022-02-15,446.1,206.06,33.075,25.700000762939453,134.96,82.66
2022-02-16,446.6,206.49,33.15,24.290000915527344,135.78,83.12
2022-02-17,437.06,201.2,33.17,28.110000610351562,136.81,82.77
2022-02-18,434.23,199.47,33.11,27.75,138.2,82.89
2022-02-22,429.57,196.66,33.075,28.809999465942383,138.53,82.7
2022-02-23,421.95,192.98,32.515,31.020000457763672,136.63,82.55
2022-02-24,428.3,198.04,32.775,30.31999969482422,136.75,83.14
2022-02-25,437.75,202.5,33.79,27.59000015258789,136.88,83.61
2022-02-28,436.63,203.32,33.965,30.149999618530273,139.84,83.67
2022-03-01,429.98,199.49,33.67,33.31999969482422,141.28,83.13
2022-03-02,437.89,204.24,34.08,30.739999771118164,136.5,83.33
2022-03-03,435.71,201.82,34.68,30.479999542236328,137.85,83.08
2022-03-04,432.17,198.66,35.445,31.979999542236328,140.24,82.54
2022-03-07,419.43,193.72,35.905,36.45000076293945,139.19,81.82
2022-03-08,416.25,194.79,35.35,35.130001068115234,137.82,81.53
2022-03-09,427.41,200.28,35.1,32.45000076293945,136.42,82.21
2022-03-10,425.48,199.92,35.335,30.229999542236328,134.47,81.52
2022-03-11,420.07,196.73,35.215,30.75,134.9,80.93
2022-03-14,417.0,192.71,35.175,31.770000457763672,131.78,79.97
2022-03-15,426.17,195.78,35.625,29.829999923706055,131.56,80.57
2022-03-16,435.62,201.94,35.56,26.670000076293945,132.87,81.7
2022-03-17,441.07,205.11,35.71,25.670000076293945,131.83,82.26
2022-03-18,444.52,207.27,35.405,23.8700008392334,133.38,82.53
2022-03-21,444.39,205.44,35.405,23.530000686645508,130.27,81.58
2022-03-22,449.59,207.5,35.455,22.940000534057617,128.74,82.0
2022-03-23,443.8,203.9,35.505,23.56999969482422,131.55,81.74
2022-03-24,450.49,205.84,35.87,21.670000076293945,130.48,81.91
2022-03-25,452.69,206.12,36.39,20.809999465942383,128.72,81.32
2022-03-28,455.91,206.19,36.625,19.6299991607666,129.7,81.83
2022-03-29,461.55,211.71,36.965,18.899999618530273,130.76,82.84
2022-03-30,458.7,207.46,37.27,19.329999923706055,131.73,82.59
2022-03-31,451.64,205.27,37.23,20.559999465942383,132.19,82.29
2022-04-01,452.92,207.57,37.75,19.6299991607666,132.3,81.95
2022-04-04,456.8,207.91,37.46,18.56999969482422,131.47,82.57
2022-04-05,451.03,202.99,37.695,21.030000686645508,128.53,81.5
2022-04-06,446.52,200.11,38.445,22.100000381469727,127.52,80.86
2022-04-07,448.77,199.46,38.35,21.549999237060547,126.5,80.73
2022-04-08,447.57,197.87,38.48,21.15999984741211,125.03,80.24
2022-04-11,439.92,196.54,37.955,24.3700008392334,123.14,79.69
2022-04-12,438.29,197.16,38.1,24.260000228881836,122.96,80.3
2022-04-13,443.31,200.91,38.025,21.81999969482422,123.26,80.78
2022-04-14,437.79,198.96,38.045,22.700000762939453,120.7,80.24
2022-04-18,437.97,197.62,37.84,22.170000076293945,120.13,80.11
2022-04-19,445.04,201.56,38.085,21.3700008392334,119.3617,80.04
2022-04-20,444.71,202.33,38.395,20.31999969482422,121.72,80.29
2022-04-21,438.06,197.8,37.76,22.68000030517578,120.7,79.74
2022-04-22,426.04,192.68,37.125,28.209999084472656,120.02,79.26
2022-04-25,428.51,193.85,36.87,27.020000457763672,121.24,79.93
2022-04-26,416.1,187.74,36.5,33.52000045776367,122.42,79.46
2022-04-27,417.27,186.96,36.325,31.600000381469727,120.84,79.07
2022-04-28,427.81,190.45,36.73,29.989999771118164,121.02,79.51
2022-04-29,412.0,184.95,35.63,33.400001525878906,119.42,78.53
2022-05-02,414.48,186.89,35.265,32.34000015258789,117.18,78.23
2022-05-03,416.38,188.49,35.4,29.25,118.03,78.64
2022-05-04,429.06,193.52,36.19,25.420000076293945,118.62,79.44
2022-05-05,413.81,185.67,35.82,31.200000762939453,115.36,78.03
2022-05-06,411.34,182.58,36.105,30.190000534057617,113.69,77.59
2022-05-09,398.17,174.9,35.835,34.75,114.68,76.77
2022-05-10,399.09,174.95,35.4,32.9900016784668,115.81,77.21
2022-05-11,392.75,170.6,35.655,32.560001373291016,117.9,76.75
2022-05-12,392.34,172.6,35.295,31.770000457763672,117.78,76.72
2022-05-13,401.72,178.07,35.715,28.8700008392334,115.94,76.81
2022-05-16,400.09,177.22,35.825,27.469999313354492,115.88,76.7
2022-05-17,408.32,182.64,36.195,26.100000381469727,114.52,76.63
2022-05-18,391.86,176.24,35.845,30.959999084472656,116.86,76.0
2022-05-19,389.46,176.53,35.77,29.350000381469727,117.15,76.51
2022-05-20,389.63,176.08,35.87,29.43000030517578,118.49,76.46
2022-05-23,396.92,178.21,36.3,28.479999542236328,116.65,76.76
2022-05-24,393.89,175.57,37.025,29.450000762939453,118.95,77.22
2022-05-25,397.37,178.73,37.0,28.3700008392334,119.35,78.39
2022-05-26,405.31,182.72,37.105,27.5,118.73,79.48
2022-05-27,415.26,187.64,37.685,25.719999313354492,119.05,80.19
2022-05-31,412.93,185.31,37.165,26.190000534057617,116.69,79.5
2022-06-01,409.59,184.26,37.105,25.690000534057617,116.25,78.9
2022-06-02,417.39,188.76,37.355,24.719999313354492,116.25,79.23
2022-06-03,410.54,187.06,37.175,24.790000915527344,116.02,78.64
2022-06-06,411.79,187.87,37.34,25.06999969482422,113.96,78.05
2022-06-07,415.74,190.9,37.565,24.020000457763672,115.08,78.23
2022-06-08,411.22,187.95,36.83,23.959999084472656,114.14,77.56
2022-06-09,401.44,183.57,35.945,26.09000015258789,114.46,76.94
2022-06-10,389.8,178.59,35.67,27.75,113.8,75.63
2022-06-13,375.0,170.2,34.03,34.02000045776367,110.33,73.1
2022-06-14,373.87,169.38,33.17,32.689998626708984,108.82,73.58
2022-06-15,379.2,171.86,33.385,29.6200008392334,110.92,75.01
2022-06-16,366.65,163.9,32.74,32.95000076293945,111.68,73.82
2022-06-17,365.86,165.18,32.435,31.1299991607666,112.18,74.05
2022-06-21,375.07,168.14,32.79,30.190000534057617,110.2,74.0
2022-06-22,374.39,167.82,33.135,28.950000762939453,113.14,73.98
2022-06-23,378.06,169.83,33.915,29.049999237060547,114.14,74.51
2022-06-24,390.08,175.09,34.505,27.229999542236328,112.63,75.04
2022-06-27,388.59,175.74,34.785,26.950000762939453,111.66,74.58
2022-06-28,380.65,172.44,34.655,28.360000610351562,112.12,73.76
2022-06-29,380.34,170.69,34.68,28.15999984741211,113.83,73.65
2022-06-30,377.25,169.36,35.065,28.709999084472656,114.85,73.61
2022-07-01,381.24,171.41,35.925,26.700000762939453,115.86,73.98
2022-07-05,381.96,172.83,34.7,27.540000915527344,116.68,73.91
2022-07-06,383.25,171.55,35.06,26.729999542236328,114.8,73.63
2022-07-07,388.99,175.61,35.025,26.079999923706055,113.83,74.83
2022-07-08,388.67,175.59,34.91,24.639999389648438,112.5,74.89
2022-07-11,384.23,172.06,35.13,26.170000076293945,114.42,74.47
2022-07-12,380.83,171.47,34.96,27.290000915527344,115.05,74.77
2022-07-13,378.83,171.32,34.815,26.81999969482422,116.46,74.69
2022-07-14,377.91,169.56,34.815,26.399999618530273,115.45,74.55
2022-07-15,385.13,173.09,34.88,24.229999542236328,116.12,75.5
2022-07-18,381.95,172.6,34.395,25.299999237060547,114.94,74.77
2022-07-19,392.27,178.69,34.615,24.5,114.3,75.76
2022-07-20,394.77,181.49,34.155,23.8799991607666,114.655,76.09
2022-07-21,398.79,182.42,34.245,23.110000610351562,116.59,76.99
2022-07-22,395.09,179.51,34.715,23.030000686645508,118.68,76.89
2022-07-25,395.57,180.44,35.15,23.360000610351562,117.35,76.87
2022-07-26,390.89,179.33,35.36,24.690000534057617,117.51,76.33
2022-07-27,401.04,183.41,35.39,23.239999771118164,116.86,77.17
2022-07-28,406.07,185.93,36.66,22.329999923706055,117.73,77.96
2022-07-29,411.99,187.25,36.975,21.329999923706055,117.45,78.19
2022-08-01,410.77,187.18,37.015,22.84000015258789,119.99,77.91
2022-08-02,408.06,187.0,36.94,23.93000030517578,117.53,77.55
2022-08-03,414.45,189.75,37.17,21.950000762939453,119.49,78.23
2022-08-04,414.17,189.35,37.25,21.440000534057617,119.21,78.44
2022-08-05,413.47,190.8,37.115,21.149999618530273,116.53,78.04
2022-08-08,412.99,192.82,37.17,21.290000915527344,118.31,78.11
2022-08-09,411.35,190.19,37.585,21.770000457763672,117.87,77.53
2022-08-10,419.99,195.62,37.75,19.739999771118164,117.12,78.69
2022-08-11,419.99,196.35,37.745,20.200000762939453,114.34,78.24
2022-08-12,427.1,200.36,38.36,19.530000686645508,115.49,78.94
2022-08-15,428.86,201.07,38.68,19.950000762939453,115.5,78.8
2022-08-16,429.7,200.99,38.79,19.690000534057617,115.93,78.43
2022-08-17,426.65,197.61,38.725,19.899999618530273,114.71,77.62
2022-08-18,427.89,198.92,38.87,19.559999465942383,114.86,77.74
2022-08-19,422.14,194.65,38.85,20.600000381469727,113.01,76.95
2022-08-22,413.35,190.64,38.32,23.799999237060547,112.63,76.08
2022-08-23,412.35,190.95,38.09,24.110000610351562,112.07,76.27
2022-08-24,413.67,192.41,38.21,22.81999969482422,111.22,76.36
2022-08-25,419.51,195.4,38.445,21.780000686645508,112.76,77.08
2022-08-26,405.31,188.98,37.855,25.559999465942383,113.63,75.81
2022-08-29,402.63,187.24,37.97,26.209999084472656,112.64,75.52
2022-08-30,398.21,184.62,37.415,26.209999084472656,113.01,74.94
2022-08-31,395.18,183.5,37.17,25.8700008392334,111.87,74.53
2022-09-01,396.42,181.5,37.705,25.559999465942383,109.62,74.36
2022-09-02,392.24,180.09,37.3,25.469999313354492,110.23,74.31
2022-09-06,390.76,178.31,37.395,26.90999984741211,107.51,74.11
2022-09-07,397.78,182.19,38.565,24.639999389648438,109.17,75.18
2022-09-08,400.38,183.71,38.535,23.610000610351562,108.09,75.51
2022-09-09,406.6,187.4,38.69,22.790000915527344,108.32,75.81
2022-09-12,410.97,189.67,39.06,23.8700008392334,107.4,76.04
2022-09-13,393.1,182.25,38.02,27.270000457763672,107.69,74.31
2022-09-14,394.6,182.96,38.33,26.15999984741211,108.05,74.42
2022-09-15,390.12,181.63,37.375,26.270000457763672,107.94,73.95
2022-09-16,385.56,178.99,37.235,26.299999237060547,107.11,74.2
2022-09-19,388.55,180.52,37.48,25.760000228881836,107.3,74.48
2022-09-20,384.09,178.06,36.935,27.15999984741211,106.25,73.72
2022-09-21,377.39,175.34,36.43,27.989999771118164,108.0,73.5
2022-09-22,374.22,171.39,36.3,27.350000381469727,105.26,73.06
2022-09-23,367.95,167.31,35.88,29.920000076293945,105.7401,72.13
2022-09-26,364.31,164.17,35.015,32.2599983215332,103.7,71.28
2022-09-27,363.38,164.73,34.425,32.599998474121094,100.96,71.13
2022-09-28,370.53,169.94,34.795,30.18000030517578,104.37,72.4
2022-09-29,362.79,166.13,33.4,31.84000015258789,103.85,71.72
2022-09-30,357.18,164.92,32.755,31.6200008392334,102.5,71.39
2022-10-03,366.61,169.29,33.715,30.100000381469727,103.81,71.97
2022-10-04,377.97,176.0,34.43,29.06999969482422,103.53,73.52
2022-10-05,377.09,174.7,33.665,28.549999237060547,102.54,73.23
2022-10-06,373.2,173.72,32.555,30.520000457763672,101.97,73.01
2022-10-07,362.79,168.61,31.88,31.360000610351562,100.99,72.12
2022-10-10,360.02,167.67,31.935,32.45000076293945,99.42,71.24
2022-10-11,357.74,167.72,31.82,33.630001068115234,99.9,71.46
2022-10-12,356.56,167.26,30.76,33.56999969482422,100.33,71.58
2022-10-13,365.97,171.4,31.53,31.940000534057617,99.38,71.74
2022-10-14,357.63,166.81,31.075,32.02000045776367,98.6,71.51
2022-10-17,366.82,172.13,31.725,31.3700008392334,98.05,72.39
2022-10-18,371.13,174.17,32.305,30.5,98.29,72.9
2022-10-19,368.5,171.21,31.885,30.760000228881836,96.49,72.2
2022-10-20,365.41,169.03,31.08,29.979999542236328,94.86,71.8
2022-10-21,374.29,172.7,31.655,29.690000534057617,93.1,72.49
2022-10-24,378.87,173.44,31.92,29.850000381469727,92.4,72.54
2022-10-25,384.92,178.17,32.56,28.459999084472656,95.02,73.24
2022-10-26,382.02,179.05,32.545,27.280000686645508,96.47,73.44
2022-10-27,379.98,179.09,32.805,27.389999389648438,97.46,73.98
2022-10-28,389.02,183.16,33.705,25.75,96.77,74.55
2022-10-31,386.21,183.33,33.39,25.8799991607666,95.96,73.43
2022-11-01,384.52,183.58,33.52,25.809999465942383,96.71,73.59
2022-11-02,374.87,177.49,33.195,25.860000610351562,96.38,72.92
2022-11-03,371.01,176.3,33.34,25.299999237060547,95.82,72.4
2022-11-04,376.35,178.68,33.545,24.549999237060547,94.27,72.9
2022-11-07,379.95,179.49,32.905,24.350000381469727,93.32,72.89
2022-11-08,382.0,179.56,33.135,25.540000915527344,94.29,72.82
2022-11-09,374.13,174.63,32.875,26.09000015258789,94.58,71.95
2022-11-10,394.69,185.38,34.425,23.530000686645508,98.21,74.19
2022-11-11,398.51,186.9,34.04,22.520000457763672,97.89,74.45
2022-11-14,395.12,184.81,33.635,23.729999542236328,97.64,73.9
2022-11-15,398.49,187.55,34.005,24.540000915527344,99.2,74.55
2022-11-16,395.45,184.25,34.31,24.110000610351562,101.36,74.39
2022-11-17,394.24,182.54,33.71,23.93000030517578,100.29,74.07
2022-11-18,396.03,183.72,34.425,23.1200008392334,99.69,74.23
2022-11-21,394.59,182.76,34.58,22.360000610351562,100.1,74.2
2022-11-22,399.9,184.71,34.875,21.290000915527344,101.46,74.74
2022-11-23,402.42,185.19,35.265,20.350000381469727,103.19,75.16
2022-11-25,402.33,185.58,35.47,20.5,102.92,75.01
2022-11-28,395.91,181.84,35.105,22.209999084472656,103.2,74.22
2022-11-29,395.23,182.37,34.845,21.889999389648438,102.0,74.54
2022-11-30,407.68,187.37,35.715,20.579999923706055,102.71,75.66
2022-12-01,407.38,186.96,35.685,19.84000015258789,105.75,75.62
2022-12-02,406.91,188.05,35.515,19.059999465942383,107.01,75.56
2022-12-05,399.59,182.87,35.315,20.75,105.61,74.84
2022-12-06,393.83,180.07,35.535,22.170000076293945,106.95,74.57
2022-12-07,393.16,179.54,35.37,22.68000030517578,109.44,74.98
2022-12-08,396.24,180.84,35.6,22.290000915527344,109.18,75.04
2022-12-09,393.28,178.62,35.415,22.829999923706055,106.31,75.04
2022-12-12,398.95,180.72,36.225,25.0,106.68,75.33
2022-12-13,401.97,181.38,36.335,22.549999237060547,107.68,76.11
2022-12-14,399.4,180.19,36.29,21.139999389648438,108.18,75.68
2022-12-15,389.63,175.68,35.85,22.829999923706055,108.33,75.0
2022-12-16,383.27,174.37,35.24,22.6200008392334,107.17,74.6
2022-12-19,380.02,172.01,34.815,22.420000076293945,105.37,74.22
2022-12-20,380.54,172.92,34.825,21.479999542236328,103.42,74.03
2022-12-21,386.23,175.9,35.31,20.06999969482422,103.61,74.66
2022-12-22,380.72,173.6,35.095,21.969999313354492,103.7,74.2
2022-12-23,382.91,174.39,35.455,20.8700008392334,102.25,74.39
2022-12-27,381.4,173.22,35.675,21.649999618530273,100.19,73.62
2022-12-28,376.66,170.53,35.335,22.139999389648438,99.5,72.63
2022-12-29,383.44,174.85,35.59,21.440000534057617,100.65,73.57
2022-12-30,382.43,174.36,35.25,21.670000076293945,99.61,73.63
2023-01-03,380.82,173.4,35.25,22.899999618530273,101.4,73.77
2023-01-04,383.76,175.56,35.57,22.010000228881836,102.83,74.62
2023-01-05,379.38,173.68,34.8,22.459999084472656,103.25,74.47
2023-01-06,388.08,177.58,35.5,21.1299991607666,105.16,75.53
2023-01-09,387.86,177.88,35.74,21.969999313354492,105.72,75.8
2023-01-10,390.58,180.51,35.75,20.579999923706055,104.02,75.71
2023-01-11,395.52,182.76,36.04,21.09000015258789,105.65,76.21
2023-01-12,396.96,185.83,35.795,18.829999923706055,107.73,76.64
2023-01-13,398.5,187.05,35.665,18.350000381469727,106.78,76.64
2023-01-17,397.77,186.82,35.615,19.360000610351562,106.14,76.38
2023-01-18,391.49,183.8,34.76,20.34000015258789,108.68,76.47
2023-01-19,388.64,182.04,34.41,20.520000457763672,107.97,76.02
2023-01-20,395.88,185.04,34.615,19.850000381469727,106.23,76.17
2023-01-23,400.63,187.33,34.625,19.809999465942383,105.72,76.16
2023-01-24,400.2,186.93,34.8,19.200000762939453,107.24,76.21
2023-01-25,400.35,187.45,34.33,19.079999923706055,107.48,76.2
2023-01-26,404.75,188.56,34.445,18.729999542236328,106.97,76.39
2023-01-27,405.68,189.58,34.445,18.510000228881836,106.74,76.16
2023-01-30,400.59,186.94,34.29,19.940000534057617,106.32,75.74
2023-01-31,406.48,191.48,34.545,19.399999618530273,107.23,76.33
2023-02-01,410.8,194.49,34.605,17.8700008392334,108.13,76.76
2023-02-02,416.78,198.32,34.68,18.729999542236328,108.33,77.2
2023-02-03,412.35,196.99,33.955,18.329999923706055,106.75,76.39
2023-02-06,409.83,194.14,34.245,19.43000030517578,105.93,75.9
2023-02-07,415.19,195.58,34.23,18.65999984741211,105.1,76.17
2023-02-08,410.65,192.72,33.655,19.6299991607666,105.55,75.85
2023-02-09,407.09,189.93,33.195,20.709999084472656,104.54,75.36
2023-02-10,408.04,190.31,33.855,20.530000686645508,103.35,74.78
2023-02-13,412.83,192.6,34.06,20.34000015258789,104.3,74.97
2023-02-14,412.64,192.51,33.915,18.90999984741211,103.99,74.99
2023-02-15,413.98,194.46,34.135,18.229999542236328,103.02,74.87
2023-02-16,408.28,192.6,33.875,20.170000076293945,101.59,74.27
2023-02-17,407.26,193.13,34.24,20.020000457763672,102.32,74.56
2023-02-21,399.09,187.43,33.6,22.8700008392334,100.4,73.41
2023-02-22,398.54,187.94,33.47,22.290000915527344,101.29,73.89
2023-02-23,400.66,189.28,33.295,21.139999389648438,102.3,74.62
2023-02-24,396.38,187.51,33.305,21.670000076293945,100.94,74.17
2023-02-27,397.73,188.17,33.08,20.950000762939453,101.25,74.67
2023-02-28,396.26,188.18,32.5,20.700000762939453,101.68,74.53
2023-03-01,394.74,188.42,31.965,20.579999923706055,100.34,73.87
2023-03-02,397.81,188.87,32.57,19.59000015258789,99.46,73.96
2023-03-03,404.19,191.5,33.125,18.489999771118164,101.87,74.72
2023-03-06,404.47,188.7,33.285,18.610000610351562,101.08,74.72
2023-03-07,398.27,186.51,32.74,19.59000015258789,101.72,74.19
2023-03-08,398.92,186.6,32.99,19.110000610351562,101.83,73.84
2023-03-09,391.56,181.41,32.725,22.610000610351562,102.06,73.43
2023-03-10,385.91,176.18,32.21,24.799999237060547,105.54,73.44
2023-03-13,385.36,173.31,32.705,26.520000457763672,105.91,73.04
2023-03-14,391.73,176.52,33.135,23.729999542236328,104.09,73.57
2023-03-15,389.28,173.61,33.585,26.139999389648438,106.07,73.33
2023-03-16,396.11,175.98,33.81,22.989999771118164,105.3,73.81
2023-03-17,389.99,171.23,33.485,25.510000228881836,106.96,73.37
2023-03-20,393.74,173.45,33.5,24.149999618530273,105.94,73.17
2023-03-21,398.91,176.65,32.825,21.3799991607666,104.97,73.97
2023-03-22,392.11,171.64,32.18,22.260000228881836,106.31,74.04
2023-03-23,393.17,170.25,31.85,22.610000610351562,106.37,73.75
2023-03-24,395.75,171.79,32.845,21.739999771118164,106.79,73.6
2023-03-27,396.49,173.7,32.885,20.600000381469727,104.34,73.42
2023-03-28,395.6,173.45,32.975,19.969999313354492,104.46,73.38
2023-03-29,401.35,175.42,33.455,19.1200008392334,104.31,74.3
2023-03-30,403.7,175.18,33.6,19.020000457763672,104.76,74.74
2023-03-31,409.39,178.4,33.845,18.700000762939453,106.25,75.55
2023-04-03,410.95,178.48,33.615,18.549999237060547,106.6,75.15
2023-04-04,408.67,175.35,33.785,19.0,107.19,74.93
2023-04-05,407.6,173.63,34.66,19.079999923706055,108.26,74.51
2023-04-06,409.19,173.89,34.905,18.399999618530273,108.51,74.84
2023-04-10,409.61,175.75,34.835,18.969999313354492,106.76,74.77
2023-04-11,409.72,177.14,34.865,19.100000381469727,106.98,74.93
2023-04-12,408.05,175.84,34.83,19.09000015258789,106.87,74.91
2023-04-13,413.47,178.17,34.835,17.799999237060547,106.06,75.42
2023-04-14,412.46,176.51,34.445,17.06999969482422,105.02,75.28
2023-04-17,413.94,178.78,34.635,16.950000762939453,103.8,75.08
2023-04-18,414.21,178.02,34.455,16.829999923706055,104.21,75.13
2023-04-19,414.14,178.25,34.72,16.459999084472656,104.11,74.83
2023-04-20,411.88,177.33,34.71,17.170000076293945,104.99,74.76
2023-04-21,412.2,177.56,34.81,16.770000457763672,104.42,74.99
2023-04-24,412.63,177.44,34.985,16.889999389648438,105.43,75.2
2023-04-25,406.08,173.06,34.95,18.760000228881836,106.98,75.08
2023-04-26,404.36,171.39,34.13,18.84000015258789,105.85,74.79
2023-04-27,412.41,173.68,34.54,17.030000686645508,104.81,75.04
2023-04-28,415.93,175.2,34.49,15.779999732971191,106.4,75.36
2023-05-01,415.51,175.3,34.55,16.079999923706055,103.15,74.69
2023-05-02,410.84,171.7,34.13,17.780000686645508,105.64,74.62
2023-05-03,408.02,172.33,34.035,18.34000015258789,106.21,74.58
2023-05-04,405.13,170.4,34.295,20.09000015258789,105.27,74.36
2023-05-05,412.63,174.45,34.515,17.190000534057617,104.87,74.76
2023-05-08,412.74,174.05,34.41,16.979999542236328,103.44,74.55
2023-05-09,410.93,173.53,34.365,17.709999084472656,103.05,74.36
2023-05-10,412.85,174.41,34.68,16.940000534057617,104.05,74.81
2023-05-11,412.13,173.07,34.325,16.93000030517578,105.13,74.69
2023-05-12,411.59,172.72,34.515,17.030000686645508,104.27,74.42
2023-05-15,413.01,174.83,34.08,17.1200008392334,103.18,74.4
2023-05-16,410.25,172.28,33.325,17.989999771118164,102.9,73.88
2023-05-17,415.23,176.12,33.205,16.8700008392334,102.63,74.08
2023-05-18,419.23,177.19,33.105,16.049999237060547,101.84,74.12
2023-05-19,418.62,176.11,33.055,16.809999465942383,101.14,74.2
2023-05-22,418.79,178.26,33.065,17.209999084472656,100.74,74.53
2023-05-23,414.09,177.42,32.95,18.530000686645508,101.02,74.14
2023-05-24,411.09,175.54,32.735,20.030000686645508,100.57,73.62
2023-05-25,414.65,174.17,32.295,19.139999389648438,100.3,73.57
2023-05-26,420.02,176.15,32.295,17.950000762939453,101.17,74.02
2023-05-30,420.18,175.5,32.17,17.459999084472656,102.08,74.34
2023-05-31,417.85,173.77,32.465,17.940000534057617,103.01,74.11
2023-06-01,421.82,175.65,32.225,15.649999618530273,103.1,74.2
2023-06-02,427.92,182.02,32.56,14.600000381469727,101.99,74.58
2023-06-05,427.1,179.58,32.715,14.729999542236328,101.81,74.52
2023-06-06,428.03,184.31,32.69,13.960000038146973,102.415,74.64
2023-06-07,426.55,187.24,33.245,13.9399995803833,100.92,74.23
2023-06-08,429.13,186.54,33.39,13.649999618530273,102.04,74.7
2023-06-09,429.9,185.03,33.195,13.829999923706055,101.95,74.72
2023-06-12,433.8,185.8,33.135,15.010000228881836,102.2,74.64
2023-06-13,436.66,187.93,33.13,14.609999656677246,101.23,74.73
2023-06-14,437.18,185.91,33.11,13.880000114440918,102.06,74.76
2023-06-15,442.6,187.44,33.47,14.5,102.98,75.12
2023-06-16,439.46,185.94,33.65,13.539999961853027,102.59,74.93
2023-06-20,437.18,185.13,32.99,13.880000114440918,103.33,74.73
2023-06-21,434.94,184.7,33.255,13.199999809265137,103.58,74.54
2023-06-22,436.51,183.33,33.0,12.90999984741211,102.34,74.32
2023-06-23,433.21,180.57,32.515,13.4399995803833,103.33,74.19
2023-06-26,431.44,180.75,32.835,14.25,103.41,74.23
2023-06-27,436.17,183.36,32.845,13.739999771118164,103.17,74.48
2023-06-28,436.39,184.26,32.36,13.430000305175781,103.6,74.91
2023-06-29,438.11,186.38,32.36,13.539999961853027,101.76,74.71
2023-06-30,443.28,187.27,32.72,13.59000015258789,102.92,75.07
2023-07-03,443.79,187.65,32.965,13.569999694824219,102.09,74.55
2023-07-05,443.13,185.78,33.34,14.180000305175781,101.1,74.32
2023-07-06,439.66,182.78,32.935,15.4399995803833,99.71,73.78
2023-07-07,438.55,184.71,32.695,14.829999923706055,99.085,73.85
2023-07-10,439.66,187.87,32.555,15.069999694824219,99.21,74.22
2023-07-11,442.46,189.8,32.96,14.84000015258789,99.69,74.62
2023-07-12,446.02,191.87,33.44,13.539999961853027,100.83,75.2
2023-07-13,449.56,193.42,33.555,13.609999656677246,101.84,75.65
2023-07-14,449.28,191.53,33.425,13.34000015258789,101.29,75.1
2023-07-17,450.84,193.58,33.04,13.479999542236328,101.335,75.24
2023-07-18,454.19,195.97,32.785,13.300000190734863,101.8,75.45
2023-07-19,455.2,196.8,33.12,13.760000228881836,102.98,75.51
2023-07-20,452.18,195.08,33.725,13.989999771118164,101.74,75.18
2023-07-21,452.18,194.46,34.23,13.600000381469727,101.73,75.37
2023-07-24,454.2,194.94,34.14,13.90999984741211,101.36,75.24
2023-07-25,455.44,194.92,34.2,13.859999656677246,101.15,75.19
2023-07-26,455.51,196.46,34.2,13.1899995803833,101.26,75.49
2023-07-27,452.49,193.92,33.595,14.40999984741211,99.36,74.89
2023-07-28,456.92,196.43,33.52,13.329999923706055,99.81,75.32
2023-07-31,457.79,198.71,33.535,13.630000114440918,100.06,75.5
2023-08-01,456.48,197.8,33.125,13.930000305175781,98.16,74.77
2023-08-02,450.13,195.11,33.125,16.09000015258789,97.12,74.45
2023-08-03,448.84,194.56,32.37,15.920000076293945,94.82,74.21
2023-08-04,446.81,194.17,31.995,17.100000381469727,96.53,74.65
2023-08-07,450.71,194.3,31.99,15.770000457763672,95.61,74.79
2023-08-08,448.75,193.08,32.14,15.989999771118164,96.66,74.95
2023-08-09,445.75,191.57,32.21,15.960000038146973,97.17,74.96
2023-08-10,445.91,190.72,32.11,15.850000381469727,95.68,74.94
2023-08-11,445.65,190.99,32.285,14.84000015258789,95.35,74.83
2023-08-14,448.11,190.66,32.03,14.819999694824219,95.17,74.82
2023-08-15,442.89,188.14,31.51,16.459999084472656,94.59,74.58
2023-08-16,439.64,185.84,31.65,16.780000686645508,93.91,74.35
2023-08-17,436.29,183.65,31.58,17.889999389648438,93.46,74.04
2023-08-18,436.5,184.65,31.745,17.299999237060547,93.77,74.09
2023-08-21,439.34,184.38,31.545,17.1299991607666,92.55,74.07
2023-08-22,438.15,183.83,31.635,16.969999313354492,93.2,74.11
2023-08-23,443.03,185.79,31.76,15.979999542236328,95.47,74.71
2023-08-24,436.89,183.22,31.575,17.200000762939453,94.89,74.3
2023-08-25,439.97,184.0,31.815,15.680000305175781,95.22,74.61
2023-08-28,442.76,185.64,31.81,15.079999923706055,95.33,74.89
2023-08-29,449.16,188.23,31.93,14.449999809265137,96.33,75.36
2023-08-30,451.01,188.94,31.785,13.880000114440918,96.19,75.33
2023-08-31,450.35,188.61,31.48,13.569999694824219,96.69,75.28
2023-09-01,451.19,190.85,31.32,13.09000015258789,94.87,75.07
2023-09-05,449.24,186.83,30.84,14.010000228881836,93.5,74.58
2023-09-06,446.22,186.13,30.91,14.449999809265137,93.79,74.4
2023-09-07,444.85,184.33,31.315,14.399999618530273,94.01,74.65
2023-09-08,445.52,183.92,31.59,13.84000015258789,94.37,74.62
2023-09-11,448.45,184.36,31.72,13.800000190734863,93.66,74.75
2023-09-12,445.99,184.18,31.76,14.229999542236328,94.23,74.63
2023-09-13,446.51,182.97,32.14,13.479999542236328,94.18,74.83
2023-09-14,450.36,185.55,32.61,12.819999694824219,93.54,74.92
2023-09-15,443.37,183.61,32.47,13.789999961853027,92.99,74.64
2023-09-18,443.63,182.39,32.185,14.0,93.47,74.69
2023-09-19,442.71,181.68,32.01,14.109999656677246,92.83,74.46
2023-09-20,438.64,179.86,32.04,15.140000343322754,93.07,74.4
2023-09-21,431.39,177.07,31.705,17.540000915527344,90.71,73.87
2023-09-22,430.42,176.67,31.645,17.200000762939453,91.42,74.0
2023-09-25,432.23,177.46,31.6,16.899999618530273,89.18,73.9
2023-09-26,425.88,174.36,30.655,18.940000534057617,88.86,73.58
2023-09-27,426.05,175.99,30.065,18.219999313354492,88.39,73.48
2023-09-28,428.52,177.58,29.415,17.34000015258789,88.68,73.83
2023-09-29,427.48,176.74,29.465,17.520000457763672,88.73,73.72
2023-10-02,427.31,174.07,28.095,17.610000610351562,86.95,72.89
2023-10-03,421.59,171.14,28.42,19.780000686645508,85.06,72.15
2023-10-04,424.66,171.22,28.39,18.579999923706055,86.28,72.52
2023-10-05,424.5,171.35,28.225,18.489999771118164,85.84,72.59
2023-10-06,429.54,173.0,28.625,17.450000762939453,84.82,72.69
2023-10-09,432.29,174.0,28.91,17.700000762939453,86.79,73.23
2023-10-10,434.54,175.97,29.305,17.030000686645508,86.62,73.21
2023-10-11,436.32,175.67,29.78,16.09000015258789,88.41,73.2
2023-10-12,433.66,171.7,29.32,16.690000534057617,86.12,72.81
2023-10-13,431.5,170.27,29.65,19.31999969482422,87.59,72.75
2023-10-16,436.04,173.02,29.955,17.209999084472656,86.19,72.73
2023-10-17,436.02,174.95,29.875,17.8799991607666,85.24,72.39
2023-10-18,430.21,171.35,29.615,19.219999313354492,84.52,72.04
2023-10-19,426.43,168.62,29.32,21.399999618530273,82.76,71.78
2023-10-20,421.19,166.44,29.015,21.709999084472656,83.2,71.93
2023-10-23,420.46,165.03,28.77,20.3700008392334,84.29,72.22
2023-10-24,423.63,166.47,29.51,18.969999313354492,85.34,72.59
2023-10-25,417.55,163.72,29.675,20.190000534057617,83.43,72.2
2023-10-26,412.55,164.14,29.93,20.68000030517578,84.73,72.45
2023-10-27,410.68,162.21,29.365,21.270000457763672,84.35,72.36
2023-10-30,415.59,163.11,29.59,19.75,84.01,72.38
2023-10-31,418.2,164.52,29.845,18.139999389648438,83.55,72.57
2023-11-01,422.66,165.46,30.185,16.8700008392334,85.04,72.87
2023-11-02,430.76,169.87,30.75,15.65999984741211,87.03,73.69
2023-11-03,434.69,174.49,30.93,14.90999984741211,87.64,74.41
2023-11-06,435.69,172.31,30.85,14.890000343322754,86.82,74.11
2023-11-07,436.93,171.7,30.625,14.8100004196167,88.03,74.12
2023-11-08,437.25,169.87,30.4,14.449999809265137,89.53,74.16
2023-11-09,433.84,167.24,30.0,15.289999961853027,87.48,73.7
2023-11-10,440.61,169.11,30.16,14.170000076293945,87.96,74.06
2023-11-13,440.19,169.17,29.8,14.760000228881836,87.81,73.99
2023-11-14,448.73,178.46,30.99,14.15999984741211,89.8,74.74
2023-11-15,449.68,178.77,30.895,14.180000305175781,88.62,74.5
2023-11-16,450.23,175.88,31.06,14.319999694824219,89.63,74.6
2023-11-17,450.79,178.29,31.145,13.800000190734863,90.06,74.77
2023-11-20,454.26,179.33,31.05,13.40999984741211,90.57,74.85
2023-11-21,453.27,177.02,31.115,13.350000381469727,90.56,74.95
2023-11-22,455.02,178.13,31.265,12.850000381469727,90.88,75.08
2023-11-24,455.3,179.33,31.345,12.460000038146973,89.8,75.0
2023-11-27,454.48,178.73,31.395,12.6899995803833,91.34,75.11
2023-11-28,454.93,178.04,31.495,12.6899995803833,91.49,75.44
2023-11-29,454.61,178.98,31.245,12.979999542236328,92.6,75.85
2023-11-30,456.4,179.66,31.38,12.920000076293945,92.29,75.71
2023-12-01,459.1,184.91,31.765,12.630000114440918,92.95,75.99
2023-12-04,456.69,186.89,31.64,13.079999923706055,92.58,75.8
2023-12-05,456.6,184.39,31.415,12.850000381469727,94.6,75.87
2023-12-06,454.76,184.06,31.835,12.970000267028809,95.85,75.88
2023-12-07,458.23,185.39,31.765,13.0600004196167,95.29,76.01
2023-12-08,460.2,186.8,31.705,12.350000381469727,94.53,75.86
2023-12-11,461.99,187.19,31.91,12.630000114440918,94.33,75.81
2023-12-12,464.1,187.0,31.78,12.069999694824219,94.58,75.98
2023-12-13,470.5,193.33,32.98,12.1899995803833,96.72,77.14
2023-12-14,472.01,198.71,32.55,12.479999542236328,98.99,77.1
2023-12-15,469.33,197.04,31.985,12.279999732971191,99.16,76.93
2023-12-18,471.97,197.11,31.615,12.5600004196167,98.36,76.98
2023-12-19,474.84,200.93,31.795,12.529999732971191,98.85,77.2
2023-12-20,468.26,196.28,31.15,13.670000076293945,99.47,77.21
2023-12-21,472.7,199.62,31.205,13.649999618530273,98.94,77.56
2023-12-22,473.65,201.48,31.31,13.029999732971191,98.49,77.47
2023-12-26,475.65,204.1,31.5,12.989999771118164,98.76,77.62
2023-12-27,476.51,204.82,31.48,12.430000305175781,100.51,77.94
2023-12-28,476.69,204.04,31.705,12.470000267028809,99.89,77.69
2023-12-29,475.31,200.71,31.665,12.449999809265137,98.88,77.39
2024-01-02,472.65,199.52,32.125,13.199999809265137,98.33,77.13
2024-01-03,468.79,194.2,32.245,14.039999961853027,98.69,76.92
2024-01-04,467.28,193.82,32.145,14.130000114440918,97.22,76.62
2024-01-05,467.92,193.25,32.265,13.350000381469727,96.33,76.68
2024-01-08,474.6,196.73,32.5,13.079999923706055,97.23,77.11
2024-01-09,473.88,194.97,32.235,12.760000228881836,96.67,77.23
2024-01-10,476.56,195.08,32.23,12.6899995803833,96.2,77.37
2024-01-11,476.35,193.55,31.48,12.4399995803833,96.69,77.62
2024-01-12,476.68,193.23,31.66,12.699999809265137,96.51,77.7
2024-01-16,474.93,190.84,31.315,13.84000015258789,94.8,77.21
2024-01-17,472.29,189.48,30.86,14.789999961853027,94.67,76.88
2024-01-18,476.49,190.6,30.53,14.130000114440918,93.8,77.04
2024-01-19,482.43,192.43,30.49,13.300000190734863,94.1,77.17
2024-01-22,483.45,196.54,30.335,13.1899995803833,94.66,77.23
2024-01-23,484.86,195.97,30.39,12.550000190734863,93.91,77.14
2024-01-24,485.39,194.36,29.975,13.140000343322754,93.34,77.1
2024-01-25,488.03,195.97,30.515,13.449999809265137,94.01,77.69
2024-01-26,487.41,195.98,30.605,13.260000228881836,93.77,77.63
2024-01-29,491.27,199.41,30.8,13.600000381469727,94.91,77.8
2024-01-30,490.89,197.71,30.79,13.3100004196167,95.84,77.7
2024-01-31,482.88,192.88,30.725,14.350000381469727,96.5,77.48
2024-02-01,489.2,195.44,31.31,13.880000114440918,98.19,77.54
2024-02-02,494.35,194.41,30.745,13.850000381469727,96.07,77.19
2024-02-05,492.55,191.94,30.105,13.670000076293945,94.13,76.83
2024-02-06,493.98,193.67,30.215,13.0600004196167,95.03,77.11
2024-02-07,498.1,193.22,30.235,12.829999923706055,94.6,77.24
2024-02-08,498.32,196.15,30.02,12.789999961853027,94.02,77.2
2024-02-09,501.2,199.34,30.135,12.930000305175781,93.85,77.36
2024-02-12,500.98,202.96,30.485,13.930000305175781,93.95,77.19
2024-02-13,494.08,194.61,29.98,15.850000381469727,92.33,76.57
2024-02-14,498.57,199.13,30.145,14.380000114440918,92.78,76.87
2024-02-15,502.01,204.44,30.65,14.010000228881836,93.37,77.14
2024-02-16,499.51,201.66,30.615,14.239999771118164,92.76,76.91
2024-02-20,496.76,198.88,30.595,15.420000076293945,92.81,77.07
2024-02-21,497.21,197.94,31.0,15.34000015258789,92.2,76.93
2024-02-22,507.5,199.44,30.76,14.539999961853027,92.65,77.3
2024-02-23,507.85,199.89,30.98,13.75,93.86,77.35
2024-02-26,505.99,201.15,30.37,13.739999771118164,93.56,77.1
2024-02-27,506.93,204.0,30.945,13.430000305175781,92.94,77.2
2024-02-28,506.26,202.32,31.04,13.84000015258789,93.51,77.19
2024-02-29,508.08,203.73,31.05,13.399999618530273,94.19,77.33
2024-03-01,512.85,205.89,30.86,13.109999656677246,94.45,77.18
2024-03-04,512.3,205.7,31.38,13.489999771118164,94.12,77.16
2024-03-05,507.18,203.73,31.29,14.460000038146973,95.42,77.1
2024-03-06,509.75,205.25,31.59,14.5,95.97,77.29
2024-03-07,514.81,206.96,31.795,14.4399995803833,95.88,77.38
2024-03-08,511.72,206.83,31.875,14.739999771118164,95.74,77.4
2024-03-11,511.28,205.19,32.035,15.220000267028809,95.68,77.39
2024-03-12,516.78,204.91,31.725,13.84000015258789,94.86,77.46
2024-03-13,515.97,205.71,31.94,13.75,94.425,77.49
2024-03-14,514.95,202.03,31.685,14.399999618530273,92.98,77.12
2024-03-15,509.83,202.41,31.73,14.40999984741211,92.96,77.07
2024-03-18,512.86,201.25,31.615,14.329999923706055,92.64,77.25
2024-03-19,515.71,202.1,31.895,13.819999694824219,92.91,77.56
2024-03-20,520.48,206.1,31.935,13.039999961853027,92.9,77.82
2024-03-21,522.2,207.94,31.885,12.920000076293945,93.07,77.78
2024-03-22,521.21,205.07,31.93,13.0600004196167,93.97,77.7
2024-03-25,519.77,205.54,32.08,13.1899995803833,93.52,77.58
2024-03-26,518.81,205.17,31.715,13.239999771118164,93.81,77.49
2024-03-27,523.17,209.64,32.6,12.779999732971191,94.68,77.9
2024-03-28,523.07,210.3,32.825,13.010000228881836,94.6,77.73
2024-04-01,522.16,208.32,32.625,13.649999618530273,92.54,77.02
2024-04-02,518.84,204.49,32.68,14.609999656677246,92.08,76.89
2024-04-03,519.41,205.83,32.55,14.329999923706055,92.04,76.95
2024-04-04,513.07,203.77,32.485,16.350000381469727,92.68,76.89
2024-04-05,518.43,204.45,32.58,16.030000686645508,91.38,76.82
2024-04-08,518.72,205.57,32.795,15.1899995803833,91.38,77.0
2024-04-09,519.32,206.38,32.975,14.979999542236328,92.25,77.16
2024-04-10,514.12,200.93,32.41,15.800000190734863,90.24,76.48
2024-04-11,518.0,202.29,32.345,14.90999984741211,89.82,76.41
2024-04-12,510.85,198.69,32.1,17.309999465942383,90.3,76.37
2024-04-15,504.45,195.78,31.805,19.229999542236328,88.9,75.93
2024-04-16,503.53,195.06,31.385,18.399999618530273,88.3,75.68
2024-04-17,500.55,193.0,32.04,18.209999084472656,89.28,75.78
2024-04-18,499.52,192.84,32.22,18.0,88.82,75.84
2024-04-19,495.16,193.14,32.715,18.709999084472656,89.16,75.98
2024-04-22,499.72,195.3,33.015,16.940000534057617,89.02,76.4
2024-04-23,505.65,198.57,33.17,15.6899995803833,89.02,76.71
2024-04-24,505.41,197.68,33.37,15.970000267028809,87.5,76.54
2024-04-25,503.49,196.48,33.46,15.369999885559082,87.76,76.38
2024-04-26,508.26,198.36,33.095,15.029999732971191,88.26,76.62
2024-04-29,510.06,199.96,33.545,14.670000076293945,88.98,76.85
2024-04-30,501.98,195.9,33.37,15.649999618530273,88.26,76.29
2024-05-01,500.35,196.31,33.755,15.390000343322754,88.58,76.29
2024-05-02,505.03,199.92,33.935,14.680000305175781,88.93,76.76
2024-05-03,511.29,201.9,34.205,13.489999771118164,89.81,77.08
2024-05-06,516.57,204.51,34.38,13.489999771118164,90.165,77.17
2024-05-07,517.14,204.97,34.77,13.229999542236328,90.74,77.18
2024-05-08,517.19,203.78,35.135,13.0,90.2,77.0
2024-05-09,520.17,205.86,35.67,12.6899995803833,90.61,77.02
2024-05-10,520.84,204.31,35.635,12.550000190734863,90.145,76.9
2024-05-13,520.91,204.74,35.635,13.600000381469727,90.37,76.88
2024-05-14,523.3,206.86,35.73,13.420000076293945,90.855,77.0
2024-05-15,529.78,209.44,36.265,12.449999809265137,92.12,77.45
2024-05-16,528.69,207.93,36.14,12.420000076293945,92.035,77.27
2024-05-17,529.45,208.08,36.17,11.989999771118164,91.41,77.28
2024-05-20,530.06,208.54,36.11,12.149999618530273,91.13,77.32
2024-05-21,531.36,208.34,36.435,11.859999656677246,91.6,77.26
2024-05-22,529.83,206.58,36.005,12.289999961853027,91.7,77.09
2024-05-23,525.96,203.19,35.395,12.770000457763672,91.115,76.82
2024-05-24,529.44,205.44,35.75,11.930000305175781,91.37,77.09
2024-05-28,529.81,205.16,35.715,12.920000076293945,90.07,76.78
2024-05-29,526.1,202.13,35.255,14.279999732971191,89.01,76.55
2024-05-30,522.61,204.05,35.73,14.470000267028809,89.82,76.86
2024-05-31,527.37,205.77,36.36,12.920000076293945,90.51,77.13
2024-06-03,527.8,204.61,35.945,13.109999656677246,91.57,77.01
2024-06-04,528.39,201.97,35.93,13.15999984741211,92.64,76.97
2024-06-05,534.67,205.06,35.725,12.630000114440918,93.29,77.22
2024-06-06,534.66,203.59,35.355,12.579999923706055,93.24,77.09
2024-06-07,534.01,201.2,34.97,12.220000267028809,91.51,76.89
2024-06-10,535.66,201.89,35.42,12.739999771118164,90.89,76.96
2024-06-11,536.95,200.64,35.205,12.850000381469727,91.82,77.06
2024-06-12,541.36,203.72,34.975,12.039999961853027,92.54,77.37
2024-06-13,542.45,201.94,35.055,11.9399995803833,93.87,77.36
2024-06-14,542.78,198.73,34.97,12.65999984741211,94.66,77.06
2024-06-17,547.1,200.4,34.585,12.75,93.7,77.11
2024-06-18,548.49,200.75,34.6,12.300000190734863,94.58,77.35
2024-06-20,547.0,199.9,34.9,13.279999732971191,93.95,77.3
2024-06-21,544.51,200.35,34.695,13.199999809265137,93.97,77.39
2024-06-24,542.74,201.22,34.87,13.329999923706055,94.29,77.31
2024-06-25,544.83,200.56,34.54,12.84000015258789,94.51,77.41
2024-06-26,545.51,200.03,34.395,12.550000190734863,93.15,77.24
2024-06-27,546.37,202.06,34.455,12.239999771118164,93.5,77.33
2024-06-28,544.22,202.89,34.07,12.4399995803833,91.83,77.14
2024-07-01,545.34,201.19,33.835,12.220000267028809,89.96,76.72
2024-07-02,549.01,201.88,34.01,12.029999732971191,90.61,76.93
2024-07-03,551.46,201.83,34.215,12.09000015258789,91.8,77.2
2024-07-05,554.64,200.87,34.275,12.479999542236328,92.54,77.43
2024-07-08,555.28,202.28,34.31,12.369999885559082,92.73,77.41
2024-07-09,555.82,201.4,34.41,12.510000228881836,92.32,77.32
2024-07-10,561.32,203.37,34.735,12.850000381469727,92.63,77.5
2024-07-11,556.48,210.68,35.37,12.920000076293945,93.55,77.78
2024-07-12,559.99,213.14,35.63,12.460000038146973,93.9,77.98
2024-07-15,561.53,217.19,34.765,13.119999885559082,92.87,77.99
2024-07-16,564.86,224.6,35.035,13.1899995803833,94.15,78.29
2024-07-17,556.94,222.25,35.055,14.479999542236328,94.19,78.2
2024-07-18,552.66,217.95,35.025,15.930000305175781,93.51,78.04
2024-07-19,548.99,216.84,35.065,16.520000457763672,92.96,77.98
2024-07-22,554.65,220.29,35.36,14.90999984741211,92.62,78.27
2024-07-23,553.78,222.63,35.14,14.720000267028809,92.54,78.28
2024-07-24,541.23,217.85,35.535,18.040000915527344,91.54,78.03
2024-07-25,538.41,220.57,35.24,18.459999084472656,92.26,78.04
2024-07-26,544.44,224.22,35.585,16.389999389648438,93.01,78.29
2024-07-29,544.76,221.73,35.745,16.600000381469727,93.5,78.22
2024-07-30,542.0,222.57,35.93,17.690000534057617,93.84,78.26
2024-07-31,550.81,223.86,36.395,16.360000610351562,94.82,78.54
2024-08-01,543.01,216.58,37.05,18.59000015258789,95.39,77.96
2024-08-02,532.9,208.92,37.11,23.389999389648438,98.27,77.7
2024-08-05,517.38,202.2,36.13,38.56999969482422,98.79,77.22
2024-08-06,522.15,204.4,36.435,27.709999084472656,96.66,77.51
2024-08-07,518.66,201.98,36.64,27.850000381469727,95.86,77.66
2024-08-08,530.65,206.89,36.68,23.790000915527344,95.27,77.98
2024-08-09,532.99,206.46,36.805,20.3700008392334,96.27,77.97
2024-08-12,533.27,204.6,36.87,20.709999084472656,96.62,78.02
2024-08-13,542.04,207.97,37.085,18.1200008392334,97.26,78.38
2024-08-14,543.75,206.68,37.06,16.190000534057617,97.9,78.52
2024-08-15,553.07,212.04,37.055,15.229999542236328,97.05,78.59
2024-08-16,554.31,212.6,37.22,14.800000190734863,97.42,78.84
2024-08-19,559.61,215.2,37.465,14.649999618530273,97.87,78.97
2024-08-20,558.7,212.69,37.385,15.880000114440918,98.69,78.9
2024-08-21,560.62,215.46,37.65,16.270000457763672,98.72,79.08
2024-08-22,556.22,213.56,37.605,17.549999237060547,97.77,78.98
2024-08-23,562.13,220.38,37.71,15.859999656677246,98.4,79.4
2024-08-26,560.79,220.45,37.955,16.149999618530273,98.13,79.24
2024-08-27,561.56,218.74,37.655,15.430000305175781,97.97,79.29
2024-08-28,558.3,217.26,37.655,17.110000610351562,97.87,79.25
2024-08-29,558.35,218.81,37.86,15.649999618530273,97.51,79.33
2024-08-30,563.68,220.08,38.145,15.0,96.51,79.34
2024-09-03,552.08,213.35,38.09,20.719999313354492,97.79,78.68
2024-09-04,550.95,212.99,38.415,21.31999969482422,99.0,78.97
2024-09-05,549.61,211.93,38.32,19.899999618530273,99.56,79.24
2024-09-06,540.36,207.9,37.955,22.3799991607666,99.57,79.14
2024-09-09,546.41,208.48,38.34,19.450000762939453,99.96,79.33
2024-09-10,548.79,208.31,38.52,19.079999923706055,100.68,79.18
2024-09-11,554.42,208.92,38.64,17.690000534057617,100.6,79.3
2024-09-12,559.09,211.61,38.725,17.06999969482422,100.14,79.41
2024-09-13,562.01,216.83,39.27,16.559999465942383,100.4,79.63
2024-09-16,562.84,217.61,39.57,17.139999389648438,101.31,79.83
2024-09-17,563.07,219.41,39.54,17.610000610351562,100.81,79.85
2024-09-18,561.4,219.45,39.24,18.229999542236328,99.6,79.92
2024-09-19,570.98,223.97,39.01,16.329999923706055,99.24,80.16
2024-09-20,568.25,221.57,40.04,16.149999618530273,98.91,80.26
2024-09-23,569.67,220.76,40.165,15.890000343322754,98.69,80.11
2024-09-24,571.3,221.13,39.88,15.390000343322754,98.67,80.12
2024-09-25,570.04,217.69,40.09,15.40999984741211,97.82,80.03
2024-09-26,572.3,218.85,39.815,15.369999885559082,98.07,80.16
2024-09-27,571.47,220.33,40.21,16.959999084472656,98.57,80.36
2024-09-30,573.76,220.89,40.39,16.729999542236328,98.14,80.3
2024-10-01,568.62,217.89,40.715,19.260000228881836,98.5,79.87
2024-10-02,568.86,217.59,40.735,18.899999618530273,97.68,79.88
2024-10-03,567.82,216.13,40.72,20.489999771118164,96.765,79.69
2024-10-04,572.98,219.15,40.655,19.209999084472656,95.51,79.6
2024-10-07,567.8,217.43,39.72,22.639999389648438,94.87,79.26
2024-10-08,573.17,217.58,39.74,21.420000076293945,95.02,79.45
2024-10-09,577.14,218.06,39.4,20.860000610351562,94.455,79.4
2024-10-10,576.13,216.85,39.28,20.93000030517578,94.06,79.36
2024-10-11,579.58,221.26,39.625,20.459999084472656,93.75,79.57
2024-10-14,584.32,222.89,40.125,19.700000762939453,93.71,79.61
2024-10-15,579.78,223.07,40.305,20.639999389648438,94.95,79.59
2024-10-16,582.3,226.74,41.105,19.579999923706055,95.29,79.73
2024-10-17,582.35,226.12,40.74,19.110000610351562,93.8,79.61
2024-10-18,584.59,225.65,40.975,18.030000686645508,93.9,79.8
2024-10-21,583.63,222.1,40.815,18.3700008392334,92.25,79.48
2024-10-22,583.32,221.26,40.67,18.200000762939453,92.32,79.37
2024-10-23,577.99,219.24,41.06,19.239999771118164,92.11,79.13
2024-10-24,579.24,219.72,40.795,19.079999923706055,92.66,79.36
2024-10-25,579.04,218.89,40.19,20.329999923706055,92.14,79.28
2024-10-28,580.83,222.46,40.505,19.799999237060547,91.91,79.48
2024-10-29,581.77,221.74,39.64,19.34000015258789,92.03,79.5
2024-10-30,580.01,221.44,39.545,20.350000381469727,92.32,79.36
2024-10-31,568.64,217.76,39.955,23.15999984741211,92.47,79.14
2024-11-01,571.04,218.98,39.065,21.8799991607666,90.8501,78.75
2024-11-04,569.81,220.09,38.6,21.979999542236328,92.23,78.97
2024-11-05,576.7,224.23,39.18,20.489999771118164,92.71,79.19
2024-11-06,591.04,237.22,38.775,16.270000457763672,90.23,79.33
2024-11-07,595.61,236.38,38.845,15.199999809265137,91.285,79.67
2024-11-08,598.19,238.12,39.59,14.9399995803833,92.47,79.8
2024-11-11,598.76,241.7,39.7,14.970000267028809,92.04,79.71
2024-11-12,596.9,237.46,39.245,14.710000038146973,90.665,79.39
2024-11-13,597.19,235.11,39.175,14.020000457763672,89.86,79.41
2024-11-14,593.35,231.94,39.04,14.3100004196167,90.35,79.24
2024-11-15,585.75,228.48,39.625,16.139999389648438,90.1,79.23
2024-11-18,588.15,228.93,39.97,15.579999923706055,90.23,79.38
2024-11-19,590.3,230.63,40.225,16.350000381469727,90.72,79.5
2024-11-20,590.5,230.93,40.245,17.15999984741211,90.42,79.48
2024-11-21,593.67,234.44,40.945,16.8700008392334,90.29,79.51
2024-11-22,595.51,238.77,40.725,15.239999771118164,90.39,79.49
2024-11-25,597.53,242.4,40.8,14.600000381469727,92.69,79.79
2024-11-26,600.65,240.62,41.45,14.100000381469727,92.4,79.64
2024-11-27,598.83,240.95,41.45,14.100000381469727,93.05,79.88
2024-11-29,602.55,241.87,41.465,13.510000228881836,93.87,80.04
2024-12-02,603.63,241.75,40.575,13.34000015258789,93.85,79.65
2024-12-03,603.91,240.03,40.225,13.300000190734863,93.05,79.65
2024-12-04,607.66,240.89,40.22,13.449999809265137,94.07,79.84
2024-12-05,606.66,238.08,40.345,13.539999961853027,94.25,79.77
2024-12-06,607.81,238.93,39.845,12.770000457763672,94.37,79.9
2024-12-09,604.68,237.73,39.345,14.1899995803833,93.56,79.8
2024-12-10,602.8,236.7,39.06,14.180000305175781,93.08,79.84
2024-12-11,607.46,237.77,38.815,13.579999923706055,92.17,79.86
2024-12-12,604.33,234.68,38.795,13.920000076293945,91.08,79.64
2024-12-13,604.21,233.07,38.82,13.8100004196167,90.27,79.41
2024-12-16,606.79,234.44,38.51,14.6899995803833,90.4,79.56
2024-12-17,604.29,231.07,38.35,15.869999885559082,90.67,79.39
2024-12-18,586.28,220.84,37.445,27.6200008392334,89.2,78.17
2024-12-19,586.1,219.86,37.615,24.09000015258789,87.89,78.09
2024-12-20,591.15,221.92,38.215,18.360000610351562,88.33,78.58
2024-12-23,594.69,221.41,38.03,16.780000686645508,87.51,78.37
2024-12-24,601.3,223.39,38.24,14.270000457763672,87.86,78.62
2024-12-26,601.34,225.68,38.15,14.729999542236328,87.81,78.82
2024-12-27,595.01,222.39,38.04,15.949999809265137,87.11,78.55
2024-12-30,588.22,220.68,37.88,17.399999618530273,87.82,78.66
2024-12-31,586.08,220.96,37.845,17.350000381469727,87.35,78.65
